id,verifiable,label,claim,evidence
75397,VERIFIABLE,SUPPORTS,Nikolaj Coster-Waldau worked with the Fox Broadcasting Company.,"[[[92206, 104971, 'Nikolaj_Coster-Waldau', 7], [92206, 104971, 'Fox_Broadcasting_Company', 0]]]"
150448,VERIFIABLE,SUPPORTS,Roman Atwood is a content creator.,"[[[174271, 187498, 'Roman_Atwood', 1]], [[174271, 187499, 'Roman_Atwood', 3]]]"
214861,VERIFIABLE,SUPPORTS,"History of art includes architecture, dance, sculpture, music, painting, poetry literature, theatre, narrative, film, photography and graphic arts.","[[[255136, 254645, 'History_of_art', 2]]]"
156709,VERIFIABLE,REFUTES,Adrienne Bailon is an accountant.,"[[[180804, 193183, 'Adrienne_Bailon', 0]]]"
129629,VERIFIABLE,SUPPORTS,Homeland is an American television spy thriller based on the Israeli television series Prisoners of War.,"[[[151831, 166598, 'Homeland_-LRB-TV_series-RRB-', 0], [151831, 166598, 'Prisoners_of_War_-LRB-TV_series-RRB-', 0]]]"
33078,VERIFIABLE,SUPPORTS,The Boston Celtics play their home games at TD Garden.,"[[[49158, 58489, 'Boston_Celtics', 3]], [[49159, 58490, 'Boston_Celtics', 3]]]"
6744,VERIFIABLE,SUPPORTS,The Ten Commandments is an epic film.,"[[[23513, 28977, 'The_Ten_Commandments_-LRB-1956_film-RRB-', 0]], [[23513, 28978, 'The_Ten_Commandments_-LRB-1956_film-RRB-', 20]]]"
226034,VERIFIABLE,SUPPORTS,Tetris has sold millions of physical copies.,"[[[269479, 265800, 'Tetris', 18]]]"
40190,VERIFIABLE,SUPPORTS,Cyndi Lauper won the Best New Artist award at the 27th Grammy Awards in 1985.,"[[[56492, 66697, 'Cyndi_Lauper', 2]]]"
76253,VERIFIABLE,SUPPORTS,There is a movie called The Hunger Games.,"[[[93100, 106004, 'The_Hunger_Games_-LRB-film-RRB-', 0]], [[93100, 106005, 'The_Hunger_Games_-LRB-film-RRB-', 1]], [[93100, 106006, 'The_Hunger_Games_-LRB-film-RRB-', 2]], [[93100, 106007, 'The_Hunger_Games_-LRB-film-RRB-', 16]]]"
188923,VERIFIABLE,SUPPORTS,Ryan Gosling has been to a country in Africa.,"[[[220565, 226318, 'Ryan_Gosling', 17], [220565, 226318, 'Chad', 0]]]"
138503,VERIFIABLE,REFUTES,"Stranger Things is set in Bloomington, Indiana.","[[[161295, 175782, 'Stranger_Things', 5]]]"
129983,VERIFIABLE,SUPPORTS,Ryan Seacrest is a person.,"[[[152194, 166969, 'Ryan_Seacrest', 0]], [[152194, 166970, 'Ryan_Seacrest', 1]], [[152194, 166971, 'Ryan_Seacrest', 2]], [[152194, 166972, 'Ryan_Seacrest', 5]]]"
73170,VERIFIABLE,REFUTES,Puerto Rico is not an unincorporated territory of the United States.,"[[[89957, 102650, 'Puerto_Rico', 0]]]"
179616,VERIFIABLE,SUPPORTS,Michael Giacchino composed the score for Doctor Strange.,"[[[208457, 216486, 'Michael_Giacchino', 1]]]"
207456,VERIFIABLE,SUPPORTS,Stranger than Fiction is a film.,"[[[245342, 246172, 'Stranger_than_Fiction_-LRB-2006_film-RRB-', 0]]]"
3,VERIFIABLE,SUPPORTS,Chris Hemsworth appeared in A Perfect Getaway.,"[[[15732, 19585, 'Chris_Hemsworth', 2]]]"
93956,VERIFIABLE,SUPPORTS,Selena recorded music.,"[[[275618, 270725, 'Selena', 8]], [[275618, 270726, 'Selena', 0]], [[275618, 270727, 'Selena', 2]], [[275618, 270728, 'Selena', 4]], [[277400, 272314, 'Selena', 8]], [[277400, 272315, 'Selena', 21]], [[277903, 272835, 'Selena', 0]], [[277903, 272836, 'Selena', 9]], [[277903, 272837, 'Selena', 10]], [[277903, 272838, 'Selena', 11]], [[277903, 272839, 'Selena', 14]], [[277903, 272840, 'Selena', 16]], [[277903, 272841, 'Selena', 18]], [[277903, 272842, 'Selena', 19]], [[277903, 272843, 'Selena', 21]], [[277903, 272844, 'Selena', 32]]]"
53133,VERIFIABLE,SUPPORTS,"Robert J. O'Neill was born April 10, 1976.","[[[69411, 80212, ""Robert_J._O'Neill_-LRB-U.S._Navy_SEAL-RRB-"", 0]]]"
228271,VERIFIABLE,SUPPORTS,The Silence of the Lambs was a film starring Scott Glenn.,"[[[272337, 268022, 'The_Silence_of_the_Lambs_-LRB-film-RRB-', 0]], [[272346, 268030, 'The_Silence_of_the_Lambs_-LRB-film-RRB-', 0]]]"
15812,VERIFIABLE,REFUTES,Peggy Sue Got Married is a Egyptian film released in 1986.,"[[[31205, 37902, 'Peggy_Sue_Got_Married', 0], [31205, 37902, 'Francis_Ford_Coppola', 0]], [[31211, 37908, 'Peggy_Sue_Got_Married', 0]]]"
57330,VERIFIABLE,REFUTES,Andy Roddick lost 5 Master Series between 2002 and 2010.,"[[[73660, 84912, 'Andy_Roddick', 7]]]"
52432,VERIFIABLE,REFUTES,"As the Vietnam War raged in 1969, Yoko Ono and her husband John Lennon did not have two week-long Bed-Ins for Peace.","[[[68739, 79581, 'Bed-In', 0]]]"
214706,VERIFIABLE,SUPPORTS,Tupac Shakur was born Lesane Parish Crooks.,"[[[254927, 254471, 'Tupac_Shakur', 0]], [[254931, 254481, 'Tupac_Shakur', 0]]]"
172270,VERIFIABLE,SUPPORTS,"The Jim Henson Company produced The Muppet Movie, The Dark Crystal, and Labyrinth.","[[[198826, 208539, 'The_Jim_Henson_Company', 5]]]"
64557,VERIFIABLE,SUPPORTS,Slovenia uses the euro.,"[[[80998, 92847, 'Slovenia', 29], [80998, 92847, 'Eurozone', 0]]]"
200996,VERIFIABLE,SUPPORTS,Iowa is a part of the Midwestern United States.,"[[[236500, 238958, 'Midwestern_United_States', 4]]]"
206132,VERIFIABLE,SUPPORTS,Saratoga is an American film from 1937.,"[[[243729, 244902, 'Saratoga_-LRB-film-RRB-', 0]]]"
215831,VERIFIABLE,SUPPORTS,J. Howard Marshall was a baby.,"[[[256426, 255641, 'J._Howard_Marshall', 0], [256426, 255641, 'Infant', 0]]]"
180769,VERIFIABLE,REFUTES,Grace Jones is a dancer.,"[[[209812, 217612, 'Grace_Jones', 0]]]"
170685,VERIFIABLE,SUPPORTS,Lisbon has a population larger than 1.,"[[[196930, 206999, 'Lisbon', 0]], [[196930, 207000, 'Lisbon', 2]]]"
111602,VERIFIABLE,REFUTES,Willie Nelson dropped out of college after three years.,"[[[131008, 145780, 'Willie_Nelson', 9]]]"
119264,VERIFIABLE,SUPPORTS,Malcolm Young was the co-founder of Australian hard rock band AC/DC.,"[[[140181, 155183, 'Malcolm_Young', 0]]]"
77712,VERIFIABLE,SUPPORTS,Newfoundland and Labrador is the most linguistically homogeneous of Canada.,"[[[94661, 107645, 'Newfoundland_and_Labrador', 4]]]"
184132,VERIFIABLE,REFUTES,Furia is adapted from a short story by Anna Politkovskaya.,"[[[214362, 221432, 'Furia_-LRB-film-RRB-', 0]]]"
74400,VERIFIABLE,SUPPORTS,One state of the United States has Russia to its west.,"[[[91175, 103890, 'United_States', 3]]]"
91253,VERIFIABLE,SUPPORTS,Sophie Turner was born in the 1990s.,"[[[108589, 122194, 'Sophie_Turner', 0]]]"
53316,VERIFIABLE,SUPPORTS,Mother Teresa was made a saint by the church.,"[[[69596, 80416, 'Mother_Teresa', 11]]]"
189815,VERIFIABLE,SUPPORTS,The Smurfs (film) was released.,"[[[221732, 227296, 'The_Smurfs_-LRB-film-RRB-', 10]], [[221747, 227307, 'The_Smurfs_-LRB-film-RRB-', 0]], [[221747, 227308, 'The_Smurfs_-LRB-film-RRB-', 10]], [[221747, 227309, 'The_Smurfs_-LRB-film-RRB-', 15]], [[221747, 227310, 'The_Smurfs_-LRB-film-RRB-', 12]]]"
110847,VERIFIABLE,REFUTES,C. S. Forester's first name was Carl.,"[[[130043, 144760, 'C._S._Forester', 0]]]"
36776,VERIFIABLE,REFUTES,Kong: Skull Island is a book.,"[[[52964, 62891, 'Kong-COLON-_Skull_Island', 0]]]"
137323,VERIFIABLE,REFUTES,The Challenge was a scripted show.,"[[[160064, 174586, 'The_Challenge_-LRB-TV_series-RRB-', 0]]]"
113118,VERIFIABLE,SUPPORTS,Berlin is the capital of Germany.,"[[[132683, 147607, 'Berlin', 0]]]"
225701,VERIFIABLE,SUPPORTS,South Korea has a highly educated workforce.,"[[[269028, 265440, 'South_Korea', 27]]]"
162606,VERIFIABLE,SUPPORTS,"Hacksaw Ridge came out in America on November 4, 2016.","[[[187154, 198841, 'Hacksaw_Ridge', 5]]]"
47549,VERIFIABLE,SUPPORTS,Michael Fassbender is an actor.,"[[[64044, 74745, 'Michael_Fassbender', 0]], [[64044, 74746, 'Michael_Fassbender', 1]], [[64044, 74747, 'Michael_Fassbender', 2]], [[64044, 74748, 'Michael_Fassbender', 3]]]"
32126,VERIFIABLE,REFUTES,Red Headed Stranger is a movie.,"[[[48244, 57592, 'Red_Headed_Stranger', 0]], [[48244, 57593, 'Red_Headed_Stranger', 10]]]"
44422,VERIFIABLE,SUPPORTS,Paul Bettany has played Vision in at least two works.,"[[[60800, 71275, 'Paul_Bettany', 1], [60800, 71275, 'Paul_Bettany', 2]]]"
33767,VERIFIABLE,SUPPORTS,Scotland's Hebrides is widespread and diverse with many islands.,"[[[49874, 59347, 'Scotland', 2], [49874, 59347, 'Hebrides', 0]]]"
79578,VERIFIABLE,SUPPORTS,Uzbekistan is a part of the Commonwealth of Independent States (CIS).,"[[[96552, 109719, 'Uzbekistan', 14]]]"
158370,VERIFIABLE,SUPPORTS,"Charles, Prince of Wales is patron of numerous other organizations.","[[[182631, 194825, 'Charles,_Prince_of_Wales', 16]]]"
30865,VERIFIABLE,REFUTES,Chester Bennington is not a singer.,"[[[47401, 56526, 'Chester_Bennington', 0]], [[47401, 56527, 'Chester_Bennington', 1]], [[47401, 56528, 'Chester_Bennington', 2]], [[47401, 56529, 'Chester_Bennington', 4]], [[47401, 56530, 'Chester_Bennington', 7]]]"
46639,VERIFIABLE,SUPPORTS,Vincent Cassel played Jacques Mesrine in at least two films.,"[[[62964, 73650, 'Vincent_Cassel', 1]]]"
120501,VERIFIABLE,SUPPORTS,Pope John Paul II co-stars many actors besides Christopher Lee.,"[[[141515, 156724, 'Pope_John_Paul_II_-LRB-miniseries-RRB-', 11]]]"
170078,VERIFIABLE,REFUTES,David Beckham has zero middle names.,"[[[196183, 206321, 'David_Beckham', 0]]]"
143348,VERIFIABLE,REFUTES,Indiana Jones has only been portrayed by Harrison Ford.,"[[[166501, 180328, 'Indiana_Jones', 7]]]"
156207,VERIFIABLE,SUPPORTS,Brian Wilson was part of the Beach Boys.,"[[[42008, 50526, 'Brian_Wilson', 0]], [[42008, 50527, 'Brian_Wilson', 5], [42008, 50527, 'Pet_Sounds', 0]], [[42008, 50528, 'Brian_Wilson', 6], [42008, 50528, 'Smile_-LRB-The_Beach_Boys_album-RRB-', 0]], [[42008, 50529, 'Brian_Wilson', 7]], [[42008, 50530, 'Brian_Wilson', 8], [42008, 50530, 'Eugene_Landy', 0]], [[42008, 50531, 'Brian_Wilson', 9]], [[42008, 50532, 'Brian_Wilson', 19], [42008, 50532, 'Brian_Wilson_Presents_Smile', 5]], [[42008, 50533, 'Brian_Wilson', 23], [42008, 50533, 'Love_&_Mercy_-LRB-film-RRB-', 1]]]"
99976,VERIFIABLE,SUPPORTS,The Great Gatsby centers on a youthful person with over a million dollars.,"[[[117660, 131557, 'The_Great_Gatsby', 1]]]"
93444,VERIFIABLE,REFUTES,Shane Black and Chris Miller wrote Iron Man 3.,"[[[110810, 124468, 'Iron_Man_3', 2]]]"
181753,VERIFIABLE,REFUTES,"La La Anthony was conceived on June 25th, 1979.","[[[211302, 219021, 'La_La_Anthony', 0]]]"
155975,VERIFIABLE,SUPPORTS,Led Zeppelin is a band.,"[[[180054, 192570, 'Led_Zeppelin', 0]], [[180054, 192571, 'Led_Zeppelin', 2]], [[180054, 192572, 'Led_Zeppelin', 1]], [[180054, 192573, 'Led_Zeppelin', 13]], [[180054, 192574, 'Led_Zeppelin', 20]], [[180054, 192575, 'Led_Zeppelin', 23]], [[180054, 192576, 'Led_Zeppelin', 24]], [[180054, 192577, 'Led_Zeppelin', 5], [180054, 192577, 'The_Yardbirds', 0]], [[180054, 192578, 'Led_Zeppelin', 6]], [[180054, 192579, 'Led_Zeppelin', 7], [180054, 192579, 'Stairway_to_Heaven', 0]], [[180054, 192580, 'Led_Zeppelin', 12], [180054, 192580, 'Led_Zeppelin_concerts', 0]], [[180054, 192581, 'Led_Zeppelin', 15], [180054, 192581, 'Ahmet_Ertegun_Tribute_Concert', 1]], [[180054, 192582, 'Led_Zeppelin', 18]]]"
210782,VERIFIABLE,SUPPORTS,"Richard Harris was born on October 25, 2002.","[[[249720, 249731, 'Richard_Harris', 0]]]"
23042,VERIFIABLE,SUPPORTS,The Fosters is a television series.,"[[[39011, 46995, 'The_Fosters_-LRB-2013_TV_series-RRB-', 0]], [[39011, 46996, 'The_Fosters_-LRB-2013_TV_series-RRB-', 4]]]"
214059,VERIFIABLE,SUPPORTS,Blair is Jonathan Hensleigh's middle name.,"[[[254109, 253861, 'Jonathan_Hensleigh', 0]]]"
86378,VERIFIABLE,REFUTES,Filmfare is about cheese.,"[[[103528, 116946, 'Filmfare', 0]]]"
140101,VERIFIABLE,REFUTES,Buckingham Palace lacks brightly colored scagliola.,"[[[163064, 177277, 'Buckingham_Palace', 15]]]"
213821,VERIFIABLE,SUPPORTS,Sarah Paulson makes an appearance in What Women Want.,"[[[253820, 253587, 'Sarah_Paulson', 2]]]"
187282,VERIFIABLE,SUPPORTS,David Harbour is an American.,"[[[218502, 224775, 'David_Harbour', 0]]]"
193992,VERIFIABLE,SUPPORTS,The terrain of Kazakhstan includes taiga.,"[[[227169, 231571, 'Kazakhstan', 12]]]"
132873,VERIFIABLE,REFUTES,"José María Chacón surrendered the island of Trinidad in 1797, one year before his death.","[[[155336, 170035, 'José_María_Chacón', 0]]]"
15711,VERIFIABLE,SUPPORTS,Liverpool F.C. was valued at $1.55 billion at one point.,"[[[31112, 37788, 'Liverpool_F.C.', 11]]]"
104690,VERIFIABLE,SUPPORTS,Land Rover makes cars.,"[[[122985, 137249, 'Land_Rover', 0]], [[122985, 137250, 'Land_Rover', 11]]]"
48320,VERIFIABLE,SUPPORTS,Sully is a form of media.,"[[[64685, 75506, 'Sully_-LRB-film-RRB-', 0]]]"
80232,VERIFIABLE,SUPPORTS,Stanley Tucci performed in an television series.,"[[[97210, 110390, 'Stanley_Tucci', 4], [97210, 110390, 'Monk_-LRB-TV_series-RRB-', 0]]]"
60225,VERIFIABLE,REFUTES,Brock Lesnar married Randy Couture.,"[[[76655, 87974, 'Brock_Lesnar', 18]]]"
50619,VERIFIABLE,SUPPORTS,The Khmer Empire was not weak.,"[[[66965, 77763, 'Khmer_Empire', 0]]]"
172885,VERIFIABLE,SUPPORTS,On the Road (film) premiered at a film festival.,"[[[199623, 209302, 'On_the_Road_-LRB-film-RRB-', 5]], [[199623, 209303, 'On_the_Road_-LRB-film-RRB-', 6]], [[199623, 209304, 'On_the_Road_-LRB-film-RRB-', 7]]]"
89016,VERIFIABLE,SUPPORTS,Paramore's co-founders left the band in March 2010.,"[[[106250, 119689, 'Paramore_-LRB-album-RRB-', 2]]]"
147532,VERIFIABLE,SUPPORTS,Peter Davison has been in a BBC show.,"[[[171118, 184635, 'Peter_Davison', 1]], [[171118, 184636, 'Peter_Davison', 2], [171118, 184636, 'Sink_or_Swim_-LRB-TV_series-RRB-', 0]]]"
116614,VERIFIABLE,REFUTES,"21 Jump Street was released June 16, 2012.","[[[136980, 151810, '21_Jump_Street_-LRB-film-RRB-', 4]]]"
209444,VERIFIABLE,SUPPORTS,"The collections of the Philadelphia Museum of Art contain over 240,000 objects.","[[[247949, 248240, 'Philadelphia_Museum_of_Art', 2]]]"
135416,VERIFIABLE,SUPPORTS,Dustin Hoffman is an award-winning actor.,"[[[158017, 172644, 'Dustin_Hoffman', 6], [158017, 172644, 'Dustin_Hoffman', 0], [158017, 172644, 'Dustin_Hoffman', 5]], [[158017, 172645, 'Dustin_Hoffman', 2]]]"
219066,VERIFIABLE,SUPPORTS,T. J. Miller was featured in Deadpool 2.,"[[[260555, 258945, 'Deadpool_-LRB-film-RRB-', 1]]]"
145636,VERIFIABLE,REFUTES,Stephon Marbury plays basketball in America.,"[[[168962, 182661, 'Stephon_Marbury', 0]]]"
135345,VERIFIABLE,SUPPORTS,CP affects people.,"[[[157940, 172547, 'Cerebral_palsy', 1]]]"
58943,VERIFIABLE,SUPPORTS,Alfred Hitchcock is a person.,"[[[75330, 86578, 'Alfred_Hitchcock', 0]]]"
168445,VERIFIABLE,REFUTES,Julius Caesar is only a book.,"[[[193983, 204414, 'Julius_Caesar_-LRB-1953_film-RRB-', 0]]]"
228933,VERIFIABLE,SUPPORTS,Pulp Fiction is directed by a male.,"[[[273159, 268714, 'Pulp_Fiction', 0], [273159, 268714, 'Quentin_Tarantino', 0], [273159, 268714, 'Quentin_Tarantino', 1]]]"
69880,VERIFIABLE,REFUTES,Absolute Beginners was directed by Hitchcock.,"[[[86578, 99037, 'Absolute_Beginners_-LRB-film-RRB-', 1]]]"
161033,VERIFIABLE,SUPPORTS,No Reservations got a mixed reception from critics.,"[[[185564, 197313, 'No_Reservations_-LRB-film-RRB-', 5]]]"
144047,VERIFIABLE,SUPPORTS,Claire Danes is wedded to an actor from England.,"[[[167214, 181040, 'Claire_Danes', 15], [167214, 181040, 'Hugh_Dancy', 0]], [[167215, 181041, 'Claire_Danes', 15], [167215, 181041, 'Hugh_Dancy', 0]]]"
166161,VERIFIABLE,REFUTES,Dangerous Liaisons is based on Christopher Hampton's novel.,"[[[191071, 201995, 'Dangerous_Liaisons', 0]]]"
10265,VERIFIABLE,SUPPORTS,The Academy Awards are an annual event.,"[[[25219, 31102, 'Academy_Awards', 0], [25219, 31102, 'Academy_of_Motion_Picture_Arts_and_Sciences', 8]]]"
187935,VERIFIABLE,SUPPORTS,Hubert Humphrey became the DFL candidate for mayor of a city.,"[[[219300, 225335, 'Hubert_Humphrey', 10], [219300, 225335, 'Minneapolis', 1]]]"
139841,VERIFIABLE,SUPPORTS,Alex Rodriguez has 666 home runs.,"[[[162752, 177000, 'Alex_Rodriguez', 3]]]"
221791,VERIFIABLE,SUPPORTS,Friendship has been studied in academic fields.,"[[[264120, 261665, 'Friendship', 2]], [[264122, 261667, 'Friendship', 2]]]"
52846,VERIFIABLE,SUPPORTS,Judd Apatow is a person who writes.,"[[[69129, 79916, 'Judd_Apatow', 0]], [[69129, 79917, 'Judd_Apatow', 1], [69129, 79917, 'Funny_People', 0]]]"
189135,VERIFIABLE,REFUTES,Massachusetts is far away from Rhode Island.,"[[[220856, 226643, 'Massachusetts', 1]]]"
37693,VERIFIABLE,REFUTES,Giancarlo Stanton was in the 2017 MLB draft.,"[[[53877, 63864, 'Giancarlo_Stanton', 4]]]"
17202,VERIFIABLE,SUPPORTS,Chris Pine appeared in Wonder Woman (2017 film).,"[[[32656, 39694, 'Chris_Pine', 2]]]"
41961,VERIFIABLE,SUPPORTS,Trevor Noah hosts a news satire show.,"[[[58248, 68490, 'Trevor_Noah', 9]]]"
197680,VERIFIABLE,SUPPORTS,Lucas starred an actor that died on March 10.,"[[[232390, 235598, 'Lucas_-LRB-film-RRB-', 2], [232390, 235598, 'Corey_Haim', 0], [232390, 235598, 'Corey_Haim', 10]]]"
95895,VERIFIABLE,REFUTES,Ryan Phillippe refused to perform in the soap opera One Life to Live.,"[[[113410, 127275, 'Ryan_Phillippe', 1]]]"
50297,VERIFIABLE,REFUTES,Sean Connery never won an Academy Award.,"[[[66653, 77469, 'Sean_Connery', 0]], [[66653, 77470, 'Sean_Connery', 5]]]"
70483,VERIFIABLE,REFUTES,Venom has since become less of an antihero.,"[[[87149, 99671, 'Venom_-LRB-comics-RRB-', 2]]]"
59356,VERIFIABLE,SUPPORTS,"Overwatch is a video game in which players gain cosmetic awards and it assigns players into two teams of six, each player with a style of play known as Offense, Defense, Tank, and Support.","[[[186843, 198613, 'Overwatch_-LRB-video_game-RRB-', 4], [186843, 198613, 'Overwatch_-LRB-video_game-RRB-', 6]], [[188593, 200043, 'Overwatch_-LRB-video_game-RRB-', 4], [188593, 200043, 'Overwatch_-LRB-video_game-RRB-', 6]], [[314665, 304013, 'Overwatch_-LRB-video_game-RRB-', 0], [314665, 304013, 'Overwatch_-LRB-video_game-RRB-', 4]], [[314667, 304015, 'Overwatch_-LRB-video_game-RRB-', 6], [314667, 304015, 'Overwatch_-LRB-video_game-RRB-', 4]], [[314669, 304016, 'Overwatch_-LRB-video_game-RRB-', 4]], [[314670, 304017, 'Overwatch_-LRB-video_game-RRB-', 4]]]"
28643,VERIFIABLE,SUPPORTS,Lily James has been on TV.,"[[[77010, 88397, 'Lily_James', 1]], [[77010, 88398, 'Lily_James', 4]], [[77010, 88399, 'Lily_James', 6]], [[77010, 88400, 'Lily_James', 0]], [[80653, 92500, 'Lily_James', 1], [80653, 92500, 'Downton_Abbey', 0]], [[80653, 92501, 'Lily_James', 4], [80653, 92501, 'Just_William_-LRB-2010_TV_series-RRB-', 0]], [[80653, 92503, 'Lily_James', 6], [80653, 92503, 'War_&_Peace_-LRB-2016_TV_series-RRB-', 0]], [[83050, 94946, 'Lily_James', 1], [83050, 94946, 'Downton_Abbey', 0]], [[83050, 94947, 'Lily_James', 4], [83050, 94947, 'Just_William_-LRB-2010_TV_series-RRB-', 0]], [[306055, 296820, 'Lily_James', 4], [306055, 296820, 'BBC', 0], [306055, 296820, 'Just_William_-LRB-2010_TV_series-RRB-', 0]], [[307274, 297804, 'Lily_James', 1], [307274, 297804, 'Downton_Abbey', 0]], [[307274, 297805, 'Lily_James', 4], [307274, 297805, 'Just_William_-LRB-2010_TV_series-RRB-', 0]], [[307274, 297806, 'Lily_James', 6], [307274, 297806, 'War_&_Peace_-LRB-2016_TV_series-RRB-', 0]]]"
31799,VERIFIABLE,SUPPORTS,Jing Tian date of birth is in July.,"[[[47924, 57249, 'Jing_Tian', 0]]]"
63338,VERIFIABLE,REFUTES,Jennifer Aniston's parents are Fred and Wilma Flintstone.,"[[[79754, 91498, 'Jennifer_Aniston', 1]]]"
92202,VERIFIABLE,SUPPORTS,The Peloponnesian War was won by Sparta.,"[[[275334, 270487, 'Sparta', 6]], [[275336, 270488, 'Sparta', 6]], [[277205, 272154, 'Sparta', 6]], [[324373, 312377, 'Sparta', 6]], [[325823, 313432, 'Sparta', 6]], [[325824, 313433, 'Sparta', 6]]]"
3994,VERIFIABLE,SUPPORTS,Isis had a temple at Behbeit El Hagar.,"[[[11324, 14258, 'Isis', 15]]]"
199009,VERIFIABLE,REFUTES,International Relations only includes the entertainment industry.,"[[[233987, 236887, 'International_relations', 0]], [[233987, 236888, 'International_relations', 1]], [[233987, 236889, 'International_relations', 2]], [[233987, 236890, 'International_relations', 9]], [[233987, 236891, 'International_relations', 10]]]"
180425,VERIFIABLE,SUPPORTS,Régine Chassagne is Canadian.,"[[[210899, 218545, 'Régine_Chassagne', 0]], [[210900, 218546, 'Régine_Chassagne', 0]]]"
52407,VERIFIABLE,SUPPORTS,John McCain works in politics.,"[[[161587, 176027, 'John_McCain', 0]], [[161587, 176028, 'John_McCain', 1]], [[164156, 178404, 'John_McCain', 0]], [[164156, 178405, 'John_McCain', 13]], [[164156, 178406, 'John_McCain', 15]], [[164156, 178407, 'John_McCain', 14]], [[164156, 178408, 'John_McCain', 19]], [[164156, 178409, 'John_McCain', 26], [164156, 178409, 'United_States_Senate_Committee_on_Armed_Services', 0]], [[164156, 178410, 'John_McCain', 25]], [[312187, 302035, 'John_McCain', 0]], [[312187, 302036, 'John_McCain', 13]], [[312218, 302053, 'John_McCain', 0]], [[312218, 302054, 'John_McCain', 1]], [[312218, 302055, 'John_McCain', 14]], [[312218, 302056, 'John_McCain', 15]], [[312218, 302057, 'John_McCain', 19]], [[312218, 302058, 'John_McCain', 22]], [[312218, 302059, 'John_McCain', 23]]]"
23894,VERIFIABLE,SUPPORTS,Farrah Fawcett received an Emmy Award nomination for her role as a battered wife in the 1984 film The Burning Bed.,"[[[39833, 47914, 'Farrah_Fawcett', 16]]]"
216564,VERIFIABLE,SUPPORTS,"The Who's first single was ""My Generation"".","[[[257297, 256322, 'The_Who', 6]]]"
6981,VERIFIABLE,SUPPORTS,Planet of the Apes (1968 film) had a script that underwent rewrites.,"[[[23889, 29577, 'Planet_of_the_Apes_-LRB-1968_film-RRB-', 12]]]"
141101,VERIFIABLE,SUPPORTS,Star vs. the Forces of Evil is a series.,"[[[164127, 178363, 'Star_vs._the_Forces_of_Evil', 0]], [[164127, 178364, 'Star_vs._the_Forces_of_Evil', 1]], [[164127, 178365, 'Star_vs._the_Forces_of_Evil', 2]], [[164127, 178366, 'Star_vs._the_Forces_of_Evil', 3]], [[164127, 178367, 'Star_vs._the_Forces_of_Evil', 4]], [[164127, 178368, 'Star_vs._the_Forces_of_Evil', 5]], [[164127, 178369, 'Star_vs._the_Forces_of_Evil', 6]]]"
126769,VERIFIABLE,SUPPORTS,Galaxy Quest is a movie that is American.,"[[[148615, 163638, 'Galaxy_Quest', 0]]]"
209732,VERIFIABLE,SUPPORTS,Friends with Benefits features actors.,"[[[250452, 250444, 'Friends_with_Benefits_-LRB-film-RRB-', 0]], [[250452, 250445, 'Friends_with_Benefits_-LRB-film-RRB-', 1]]]"
216673,VERIFIABLE,REFUTES,Glenn Close won the Tony Award for Best Actress in a Play in 1984.,"[[[257445, 256451, 'Glenn_Close', 5], [257445, 256451, 'The_Real_Thing_-LRB-play-RRB-', 0]]]"
35201,VERIFIABLE,SUPPORTS,Zooey Deschanel performed.,"[[[51378, 61101, 'Zooey_Deschanel', 0]], [[51378, 61102, 'Zooey_Deschanel', 1]]]"
27974,VERIFIABLE,SUPPORTS,Seven Days in May stars an American.,"[[[44106, 52742, 'Seven_Days_in_May', 1], [44106, 52742, 'Kirk_Douglas', 0], [44106, 52742, 'Ava_Gardner', 0], [44106, 52742, 'Burt_Lancaster', 0]]]"
184921,VERIFIABLE,SUPPORTS,Winnipeg is home to several sports teams.,"[[[215458, 222335, 'Winnipeg', 16]]]"
65112,VERIFIABLE,SUPPORTS,Mark Zuckerberg co-founded a website.,"[[[81592, 93354, 'Mark_Zuckerberg', 1], [81592, 93354, 'Facebook', 0], [81592, 93354, 'Facebook', 1]]]"
149028,VERIFIABLE,REFUTES,Rick and Morty was renewed for a fourth season in 2014.,"[[[172706, 185957, 'Rick_and_Morty', 8]], [[172706, 185958, 'Rick_and_Morty', 9]]]"
48769,VERIFIABLE,SUPPORTS,Paul Walker acted in movies.,"[[[146481, 161461, 'Paul_Walker', 2]], [[146482, 161462, 'Paul_Walker', 2]], [[149549, 164510, 'Paul_Walker', 2]], [[149549, 164511, 'Paul_Walker', 3]], [[149549, 164512, 'Paul_Walker', 4]], [[311495, 301441, 'Paul_Walker', 2]], [[311495, 301442, 'Paul_Walker', 3]], [[311495, 301443, 'Paul_Walker', 4]], [[311495, 301444, 'Paul_Walker', 13]], [[311506, 301447, 'Paul_Walker', 13]], [[311506, 301448, 'Paul_Walker', 4]], [[311506, 301449, 'Paul_Walker', 3]], [[311506, 301450, 'Paul_Walker', 2]], [[311516, 301455, 'Paul_Walker', 2]], [[311516, 301456, 'Paul_Walker', 3]], [[311516, 301457, 'Paul_Walker', 4]], [[311516, 301458, 'Paul_Walker', 13]], [[311541, 301485, 'Paul_Walker', 2]], [[311541, 301486, 'Paul_Walker', 3]], [[311541, 301487, 'Paul_Walker', 4]]]"
148416,VERIFIABLE,SUPPORTS,Clint Eastwood was nominated for an award.,"[[[172057, 185462, 'Clint_Eastwood', 5]]]"
214181,VERIFIABLE,SUPPORTS,Shonen Jump is published in a continent.,"[[[254262, 253984, 'Shonen_Jump_-LRB-magazine-RRB-', 0], [254262, 253984, 'North_America', 0]]]"
141491,VERIFIABLE,REFUTES,Gilmore Girls is a Canadian show.,"[[[164524, 178779, 'Gilmore_Girls', 0]]]"
175034,VERIFIABLE,SUPPORTS,"Honest sold 53,000 units in a week.","[[[202435, 211702, 'Honest_-LRB-Future_album-RRB-', 6]], [[202438, 211704, 'Honest_-LRB-Future_album-RRB-', 6]], [[202440, 211706, 'Honest_-LRB-Future_album-RRB-', 6]]]"
101384,VERIFIABLE,SUPPORTS,"Since July 2012, Pranab Mukherjee has been in office.","[[[119132, 133084, 'Pranab_Mukherjee', 0]], [[119132, 133085, 'Pranab_Mukherjee', 23]]]"
82987,VERIFIABLE,SUPPORTS,"Anonymous represents 4chan users simultaneously existing as an anarchic, digitized global brain.","[[[321709, 310135, 'Anonymous_-LRB-group-RRB-', 5]], [[323007, 311271, 'Anonymous_-LRB-group-RRB-', 5]], [[323010, 311273, 'Anonymous_-LRB-group-RRB-', 5]], [[323014, 311276, 'Anonymous_-LRB-group-RRB-', 5]]]"
10558,VERIFIABLE,SUPPORTS,San Francisco is in California.,"[[[25568, 31492, 'San_Francisco', 0]]]"
171243,VERIFIABLE,REFUTES,Laadla is exclusively an American film.,"[[[197630, 207630, 'Laadla_-LRB-1994_film-RRB-', 0]]]"
45795,VERIFIABLE,SUPPORTS,Lily Collins wrote for a U.S magazine that targets teen girls.,"[[[62128, 72671, 'Lily_Collins', 4]]]"
67257,VERIFIABLE,SUPPORTS,Bangladesh has been affected by poverty.,"[[[213389, 220646, 'Bangladesh', 31]], [[216194, 222899, 'Bangladesh', 31]], [[317239, 306296, 'Bangladesh', 31]], [[317243, 306303, 'Bangladesh', 31]], [[317246, 306305, 'Bangladesh', 31]]]"
141252,VERIFIABLE,SUPPORTS,Lisa Lopes was a founding member of TLC.,"[[[164291, 178551, 'Lisa_Lopes', 1], [164291, 178551, 'TLC_-LRB-group-RRB-', 0]]]"
38289,VERIFIABLE,SUPPORTS,The Formula (1980 film) was directed by an American.,"[[[54480, 64478, 'The_Formula_-LRB-1980_film-RRB-', 0], [54480, 64478, 'John_G._Avildsen', 0]]]"
1802,VERIFIABLE,SUPPORTS,Janet Jackson's third album was released in February 1986.,"[[[17566, 21718, 'Janet_Jackson', 5]]]"
8812,VERIFIABLE,SUPPORTS,Transformers: The Last Knight's cast includes Tyrese Gibson.,"[[[14232, 17788, 'Transformers-COLON-_The_Last_Knight', 2]]]"
70910,VERIFIABLE,SUPPORTS,There are two television series Morena Baccarin was part of.,"[[[87588, 100081, 'Morena_Baccarin', 1], [87588, 100081, 'Homeland_-LRB-TV_series-RRB-', 0], [87588, 100081, 'Ori_-LRB-Stargate-RRB-', 0], [87588, 100081, 'Firefly_-LRB-TV_series-RRB-', 0]]]"
40402,VERIFIABLE,SUPPORTS,Naturi Naughton was born in the year of 1984.,"[[[56697, 66917, 'Naturi_Naughton', 0]]]"
68907,VERIFIABLE,REFUTES,Paul Pogba has won four nonconsecutive Serie A titles.,"[[[85539, 97853, 'Paul_Pogba', 4]]]"
182998,VERIFIABLE,SUPPORTS,Mel Gibson's name is Mel Colmcille Gerard Gibson.,"[[[212999, 220369, 'Mel_Gibson', 0]]]"
176029,VERIFIABLE,SUPPORTS,WALL-E is a Golden Globe Award winner.,"[[[203835, 212763, 'WALL-E', 13]]]"
37094,VERIFIABLE,SUPPORTS,Generation X has no precise date for its cohort.,"[[[53302, 63270, 'Generation_X', 1]]]"
105167,VERIFIABLE,REFUTES,Islam is incapable of being a religion.,"[[[123481, 137904, 'Islam', 2]], [[123481, 137905, 'Islam', 3]], [[123481, 137906, 'Islam', 10]]]"
33545,VERIFIABLE,SUPPORTS,Jackie Chan has released an album.,"[[[49640, 59039, 'Jackie_Chan', 8]]]"
82718,VERIFIABLE,SUPPORTS,"Estimates of the number of species on Earth today vary widely, and most of those species have not been described.","[[[99781, 112959, 'Earth', 23]]]"
150146,VERIFIABLE,SUPPORTS,Larry Junstrom is an American citizen.,"[[[173968, 187162, 'Larry_Junstrom', 0]]]"
12113,VERIFIABLE,SUPPORTS,Canada possesses a constitution.,"[[[27868, 34157, 'Canada', 18], [27868, 34157, 'Constitution_Act,_1982', 0]], [[27868, 34158, 'Canada', 21], [27868, 34158, 'Constitutional_monarchy', 0]], [[30847, 37490, 'Canada', 17]], [[32940, 40022, 'Canada', 17]], [[301708, 292813, 'Canada', 17]], [[301708, 292814, 'Canada', 21]], [[301708, 292815, 'Canada', 18]], [[303045, 294023, 'Canada', 17]], [[303045, 294024, 'Canada', 18]], [[303045, 294025, 'Canada', 21]], [[304413, 295213, 'Canada', 17]], [[304413, 295214, 'Canada', 18]], [[304413, 295215, 'Canada', 21]]]"
177898,VERIFIABLE,SUPPORTS,Sophie Turner acted in The Thirteenth Tale.,"[[[206200, 214622, 'Sophie_Turner', 5]]]"
128113,VERIFIABLE,SUPPORTS,The Renaissance is known for its cultural developments.,"[[[150109, 165053, 'Renaissance', 1]], [[150109, 165054, 'Renaissance', 0]]]"
78505,VERIFIABLE,REFUTES,Pluto is not relatively small.,"[[[95478, 108488, 'Pluto', 13]]]"
144042,VERIFIABLE,SUPPORTS,"Steve Buscemi has appeared in many films by the Coen Brothers, such as Fargo.","[[[167176, 181001, 'Steve_Buscemi', 2]]]"
92012,VERIFIABLE,REFUTES,Tyler Joseph is an ex-member of Twenty One Pilots.,"[[[110472, 124094, 'Twenty_One_Pilots', 1]]]"
85270,VERIFIABLE,SUPPORTS,Selena Gomez has more followers than anyone else in the world.,"[[[102380, 115648, 'Selena_Gomez', 20]]]"
209021,VERIFIABLE,REFUTES,Big Boi is only a member of Norwegian metal bands.,"[[[247428, 247722, 'Big_Boi', 0], [247428, 247722, 'Outkast', 0]]]"
197828,VERIFIABLE,SUPPORTS,Priyanka Chopra was born in the 1900's.,"[[[232557, 235718, 'Priyanka_Chopra', 0]]]"
189673,VERIFIABLE,SUPPORTS,Chris Pérez is a songwriter.,"[[[221562, 227157, 'Chris_Pérez', 0]], [[221562, 227158, 'Chris_Pérez', 24]]]"
219627,VERIFIABLE,SUPPORTS,"On March 27, 1963, Quentin Tarantino was born.","[[[261292, 259464, 'Quentin_Tarantino', 0]]]"
188483,VERIFIABLE,SUPPORTS,Tate Ellington appeared in Quantico.,"[[[219999, 225873, 'Tate_Ellington', 4]], [[220004, 225876, 'Tate_Ellington', 4]]]"
62041,VERIFIABLE,SUPPORTS,Mr. Sunshine is from the Northern Hemisphere.,"[[[78501, 90033, 'Mr._Sunshine_-LRB-2011_TV_series-RRB-', 0]]]"
112500,VERIFIABLE,REFUTES,Dolly Parton isn't an actress.,"[[[132022, 146867, 'Dolly_Parton', 17]], [[132022, 146868, 'Dolly_Parton', 0]]]"
144895,VERIFIABLE,REFUTES,The Amanda Show was the first female-created show on Nickelodeon.,"[[[168190, 181943, 'The_Amanda_Show', 0]]]"
216082,VERIFIABLE,REFUTES,The 19th G7 summit only included Russia.,"[[[258306, 257131, '19th_G7_summit', 4]]]"
54826,VERIFIABLE,SUPPORTS,Ethiopia has bodies of water can be described as rivers.,"[[[71190, 82123, 'Ethiopia', 29]]]"
150253,VERIFIABLE,REFUTES,Ted Kaczynski grew up in Texas.,"[[[174074, 187260, 'Ted_Kaczynski', 5]], [[174074, 187261, 'Ted_Kaczynski', 6]]]"
90874,VERIFIABLE,SUPPORTS,Keith Urban has put out no fewer than nine studio records.,"[[[108212, 121750, 'Keith_Urban', 18]]]"
208197,VERIFIABLE,SUPPORTS,Eminem has an album.,"[[[247276, 247592, 'Eminem', 2]], [[247276, 247593, 'Eminem', 3]], [[247276, 247594, 'Eminem', 4]], [[247276, 247595, 'Eminem', 8]], [[247276, 247596, 'Eminem', 9]], [[247276, 247597, 'Eminem', 12]], [[247276, 247598, 'Eminem', 13]], [[247276, 247599, 'Eminem', 11], [247276, 247599, 'Relapse_-LRB-Eminem_album-RRB-', 0]], [[247276, 247600, 'Eminem', 10], [247276, 247600, 'Encore_-LRB-Eminem_album-RRB-', 0]]]"
54387,VERIFIABLE,REFUTES,The Connaught Tunnel was lined only with mud and sand.,"[[[70747, 81623, 'Connaught_Tunnel', 24], [70747, 81623, 'Connaught_Tunnel', 2]]]"
18912,VERIFIABLE,REFUTES,Jennifer Aniston is not a businesswoman.,"[[[34570, 41937, 'Jennifer_Aniston', 0]], [[34570, 41938, 'Jennifer_Aniston', 10]]]"
163426,VERIFIABLE,REFUTES,Ilkhanate only contained Haiti.,"[[[190350, 201389, 'Ilkhanate', 4]], [[190358, 201398, 'Ilkhanate', 4]]]"
160755,VERIFIABLE,REFUTES,Homeland is based on the classic BBC series Til Death Do Us Part.,"[[[185273, 197052, 'Homeland_-LRB-TV_series-RRB-', 0]]]"
11401,VERIFIABLE,REFUTES,True Blood is a science-fiction television series.,"[[[26581, 32627, 'True_Blood', 2], [26581, 32627, 'True_Blood', 0]]]"
198630,VERIFIABLE,SUPPORTS,Jordan Knight is the lead singer of a band.,"[[[233533, 236445, 'Jordan_Knight', 0]]]"
21434,VERIFIABLE,SUPPORTS,Adam Driver has had supporting roles.,"[[[37209, 45020, 'Adam_Driver', 1]]]"
119271,VERIFIABLE,SUPPORTS,Thor: The Dark World is a movie.,"[[[282986, 277116, 'Thor-COLON-_The_Dark_World', 0]], [[282986, 277117, 'Thor-COLON-_The_Dark_World', 1]], [[282986, 277118, 'Thor-COLON-_The_Dark_World', 2]], [[282986, 277119, 'Thor-COLON-_The_Dark_World', 9]], [[282986, 277120, 'Thor-COLON-_The_Dark_World', 17]], [[284882, 278627, 'Thor-COLON-_The_Dark_World', 0]], [[285686, 279323, 'Thor-COLON-_The_Dark_World', 0]], [[331430, 317966, 'Thor-COLON-_The_Dark_World', 0]], [[331433, 317969, 'Thor-COLON-_The_Dark_World', 0]], [[331433, 317970, 'Thor-COLON-_The_Dark_World', 1]], [[331433, 317971, 'Thor-COLON-_The_Dark_World', 2]], [[331433, 317972, 'Thor-COLON-_The_Dark_World', 15], [331433, 317972, 'Odeon_Leicester_Square', 0]], [[331433, 317973, 'Thor-COLON-_The_Dark_World', 16]], [[331433, 317974, 'Thor-COLON-_The_Dark_World', 17]]]"
9386,VERIFIABLE,SUPPORTS,Loki is the male sibling of Helblindi and Byleistr.,"[[[15059, 18716, 'Loki', 1]]]"
191073,VERIFIABLE,SUPPORTS,Vincent van Gogh is from Amsterdam.,"[[[223370, 228350, 'Amsterdam', 23]]]"
92275,VERIFIABLE,SUPPORTS,Chester Bennington is a person.,"[[[109606, 123225, 'Chester_Bennington', 2]], [[109606, 123226, 'Chester_Bennington', 3]], [[109606, 123227, 'Chester_Bennington', 4]], [[109606, 123228, 'Chester_Bennington', 10]], [[109606, 123229, 'Chester_Bennington', 12]], [[109606, 123230, 'Chester_Bennington', 13]]]"
32763,VERIFIABLE,REFUTES,Inspectah Deck is stateless.,"[[[48850, 58165, 'Inspectah_Deck', 0]]]"
213397,VERIFIABLE,SUPPORTS,Tender Mercies is a drama from America.,"[[[254603, 254237, 'Tender_Mercies', 0]]]"
31766,VERIFIABLE,SUPPORTS,Cristiano Ronaldo was a professional athlete.,"[[[47899, 57200, 'Cristiano_Ronaldo', 0]], [[47899, 57201, 'Cristiano_Ronaldo', 4], [47899, 57201, ""Ballon_d'Or"", 0], [47899, 57201, ""Ballon_d'Or"", 1]]]"
4795,VERIFIABLE,SUPPORTS,Paul Simon is a person.,"[[[21154, 25982, 'Paul_Simon', 0]], [[21154, 25983, 'Paul_Simon', 5]], [[21154, 25984, 'Paul_Simon', 7]], [[21154, 25985, 'Paul_Simon', 12]], [[21154, 25986, 'Paul_Simon', 14]]]"
208044,VERIFIABLE,SUPPORTS,Baby Driver starred Eiza González.,"[[[246137, 246727, 'Baby_Driver', 0]]]"
16033,VERIFIABLE,SUPPORTS,David Dhawan is a film director.,"[[[31431, 38145, 'David_Dhawan', 0]], [[31431, 38146, 'David_Dhawan', 2]], [[31431, 38147, 'David_Dhawan', 4], [31431, 38147, 'Aankhen_-LRB-1993_film-RRB-', 0]]]"
23970,VERIFIABLE,SUPPORTS,The Challenge was a reality game show.,"[[[39969, 48074, 'The_Challenge_-LRB-TV_series-RRB-', 0]], [[39969, 48075, 'The_Challenge_-LRB-TV_series-RRB-', 1], [39969, 48075, 'Real_World/Road_Rules_Challenge-COLON-_Fresh_Meat', 0]], [[39969, 48076, 'The_Challenge_-LRB-TV_series-RRB-', 6], [39969, 48076, 'Real_World/Road_Rules_Challenge_-LRB-season-RRB-', 0]], [[39969, 48077, 'The_Challenge_-LRB-TV_series-RRB-', 8], [39969, 48077, 'Real_World/Road_Rules_Challenge-COLON-_The_Gauntlet_2', 0]], [[39969, 48078, 'The_Challenge_-LRB-TV_series-RRB-', 11], [39969, 48078, 'Real_World/Road_Rules_Extreme_Challenge', 0]], [[39969, 48079, 'The_Challenge_-LRB-TV_series-RRB-', 12], [39969, 48079, 'The_Challenge_-LRB-TV_series-RRB-', 0]], [[39969, 48080, 'The_Challenge_-LRB-TV_series-RRB-', 13], [39969, 48080, 'The_Challenge_-LRB-TV_series-RRB-', 0]], [[39969, 48081, 'The_Challenge_-LRB-TV_series-RRB-', 14], [39969, 48081, 'Real_World/Road_Rules_Challenge-COLON-_Battle_of_the_Seasons', 0]], [[39969, 48082, 'The_Challenge_-LRB-TV_series-RRB-', 17], [39969, 48082, 'The_Challenge-COLON-_Invasion_of_the_Champions', 0]], [[39973, 48087, 'The_Challenge_-LRB-TV_series-RRB-', 0]], [[39973, 48089, 'The_Challenge_-LRB-TV_series-RRB-', 1], [39973, 48089, 'Real_World/Road_Rules_Challenge-COLON-_Fresh_Meat', 0]], [[39973, 48091, 'The_Challenge_-LRB-TV_series-RRB-', 6], [39973, 48091, 'Real_World/Road_Rules_Challenge_-LRB-season-RRB-', 0]], [[39973, 48093, 'The_Challenge_-LRB-TV_series-RRB-', 8], [39973, 48093, 'Real_World/Road_Rules_Challenge-COLON-_The_Gauntlet_2', 0]], [[39973, 48096, 'The_Challenge_-LRB-TV_series-RRB-', 11], [39973, 48096, 'Real_World/Road_Rules_Extreme_Challenge', 0]], [[39973, 48098, 'The_Challenge_-LRB-TV_series-RRB-', 12], [39973, 48098, 'The_Challenge_-LRB-TV_series-RRB-', 0]], [[39973, 48100, 'The_Challenge_-LRB-TV_series-RRB-', 13], [39973, 48100, 'The_Challenge_-LRB-TV_series-RRB-', 0]], [[39973, 48101, 'The_Challenge_-LRB-TV_series-RRB-', 14], [39973, 48101, 'Real_World/Road_Rules_Challenge-COLON-_Battle_of_the_Seasons', 0]], [[39973, 48103, 'The_Challenge_-LRB-TV_series-RRB-', 17], [39973, 48103, 'The_Challenge-COLON-_Invasion_of_the_Champions', 0]], [[39974, 48088, 'The_Challenge_-LRB-TV_series-RRB-', 0]], [[39974, 48090, 'The_Challenge_-LRB-TV_series-RRB-', 1], [39974, 48090, 'Real_World/Road_Rules_Challenge-COLON-_Fresh_Meat', 0]], [[39974, 48092, 'The_Challenge_-LRB-TV_series-RRB-', 6], [39974, 48092, 'Real_World/Road_Rules_Challenge_-LRB-season-RRB-', 0]], [[39974, 48094, 'The_Challenge_-LRB-TV_series-RRB-', 8], [39974, 48094, 'Real_World/Road_Rules_Challenge-COLON-_The_Gauntlet_2', 0]], [[39974, 48095, 'The_Challenge_-LRB-TV_series-RRB-', 11], [39974, 48095, 'Real_World/Road_Rules_Extreme_Challenge', 0]], [[39974, 48097, 'The_Challenge_-LRB-TV_series-RRB-', 12], [39974, 48097, 'The_Challenge_-LRB-TV_series-RRB-', 0]], [[39974, 48099, 'The_Challenge_-LRB-TV_series-RRB-', 13], [39974, 48099, 'The_Challenge_-LRB-TV_series-RRB-', 0]], [[39974, 48102, 'The_Challenge_-LRB-TV_series-RRB-', 14], [39974, 48102, 'Real_World/Road_Rules_Challenge-COLON-_Battle_of_the_Seasons', 0]], [[39974, 48104, 'The_Challenge_-LRB-TV_series-RRB-', 17], [39974, 48104, 'The_Challenge-COLON-_Invasion_of_the_Champions', 0]]]"
10018,VERIFIABLE,SUPPORTS,Rumi's influence transcends ethnic divisions.,"[[[22417, 27621, 'Rumi', 1]], [[23466, 28911, 'Rumi', 1]], [[301477, 292587, 'Rumi', 1]], [[302521, 293517, 'Rumi', 1]], [[304310, 295129, 'Rumi', 1]]]"
75961,VERIFIABLE,SUPPORTS,Swedish Empire was ruled by Gustavus Adolphus from 1611 to 1632.,"[[[92791, 105654, 'Swedish_Empire', 1], [92791, 105654, 'Gustavus_Adolphus_of_Sweden', 0]]]"
47506,VERIFIABLE,SUPPORTS,"Her was given a wide release on January 10, 2014.","[[[145113, 160118, 'Her_-LRB-film-RRB-', 16]], [[148027, 163021, 'Her_-LRB-film-RRB-', 16]], [[150246, 165172, 'Her_-LRB-film-RRB-', 16]], [[311234, 301249, 'Her_-LRB-film-RRB-', 16]], [[312836, 302570, 'Her_-LRB-film-RRB-', 16]]]"
54185,VERIFIABLE,SUPPORTS,Las Vegas's population has grown.,"[[[70495, 81388, 'Las_Vegas', 14]], [[70495, 81389, 'Las_Vegas', 15]]]"
23942,VERIFIABLE,SUPPORTS,One type of spread is Vegemite.,"[[[39879, 47972, 'Spread_-LRB-food-RRB-', 0]]]"
199457,VERIFIABLE,SUPPORTS,The Divergent film series was worked on by Octavia Spencer.,"[[[234551, 237401, 'Octavia_Spencer', 4]], [[234552, 237402, 'Octavia_Spencer', 4]]]"
210563,VERIFIABLE,SUPPORTS,Ramayanam was produced by M. S. Reddy and directed by Gunasekhar.,"[[[249434, 249398, 'Ramayanam_-LRB-film-RRB-', 0]], [[249435, 249399, 'Ramayanam_-LRB-film-RRB-', 0]], [[249438, 249404, 'Ramayanam_-LRB-film-RRB-', 0]]]"
18737,VERIFIABLE,SUPPORTS,Man of Steel features the DC Comics character Superman.,"[[[15179, 18889, 'Man_of_Steel_-LRB-film-RRB-', 0]], [[15179, 18890, 'Man_of_Steel_-LRB-film-RRB-', 5], [15179, 18890, 'Superman', 0]], [[15179, 18891, 'Man_of_Steel_-LRB-film-RRB-', 6]], [[15179, 18892, 'Man_of_Steel_-LRB-film-RRB-', 19], [15179, 18892, 'Superman', 0]], [[19356, 23753, 'Man_of_Steel_-LRB-film-RRB-', 0]], [[19356, 23754, 'Man_of_Steel_-LRB-film-RRB-', 5], [19356, 23754, 'Superman', 0]], [[19356, 23755, 'Man_of_Steel_-LRB-film-RRB-', 6], [19356, 23755, 'Superman', 0]], [[24077, 29791, 'Man_of_Steel_-LRB-film-RRB-', 0]], [[24077, 29792, 'Man_of_Steel_-LRB-film-RRB-', 6], [24077, 29792, 'Superman', 0]], [[299385, 290780, 'Man_of_Steel_-LRB-film-RRB-', 0]]]"
79475,VERIFIABLE,SUPPORTS,Leukemia has to do with a lack of normal blood cells.,"[[[96417, 109576, 'Leukemia', 3]]]"
128431,VERIFIABLE,REFUTES,Judy Garland did not appear in a courtroom drama film.,"[[[150457, 165339, 'Judy_Garland', 9], [150457, 165339, 'Judgment_at_Nuremberg', 0]]]"
197933,VERIFIABLE,SUPPORTS,Until Dawn is a game.,"[[[232687, 235831, 'Until_Dawn', 0]]]"
157402,VERIFIABLE,SUPPORTS,Timothy Olyphant was born.,"[[[181588, 193835, 'Timothy_Olyphant', 0]], [[181589, 193836, 'Timothy_Olyphant', 0]]]"
3722,VERIFIABLE,SUPPORTS,Telangana contains the city Warangal.,"[[[19930, 24481, 'Telangana', 3]]]"
81011,VERIFIABLE,SUPPORTS,Bonnie Hunt narrated Cheaper by the Dozen.,"[[[98027, 111162, 'Cheaper_by_the_Dozen_-LRB-2003_film-RRB-', 1]]]"
93115,VERIFIABLE,SUPPORTS,The Levant was ruled by the House of Lusignan.,"[[[110432, 124046, 'House_of_Lusignan', 0]]]"
59005,VERIFIABLE,SUPPORTS,The Ten Commandments influence multiple religions.,"[[[75389, 86653, 'Ten_Commandments', 0]]]"
191908,VERIFIABLE,SUPPORTS,"The Hangover Part III includes Bradley Cooper, Ed Helms, Zach Galifianakis, Justin Bartha, and Ken Jeong, Jeffrey Tambor, Heather Graham, Mike Epps, Melissa McCarthy and John Goodman.","[[[224452, 229302, 'The_Hangover_Part_III', 3], [224452, 229302, 'The_Hangover_Part_III', 4]]]"
71392,VERIFIABLE,SUPPORTS,Ariana Grande's second album debuted at number one in the United States when it was released in 2014.,"[[[88059, 100593, 'Ariana_Grande', 11]]]"
10213,VERIFIABLE,SUPPORTS,Ted Bundy committed assaults in the seventies.,"[[[25148, 31036, 'Ted_Bundy', 0]], [[25148, 31037, 'Ted_Bundy', 12], [25148, 31037, 'Ted_Bundy', 13]]]"
15798,VERIFIABLE,REFUTES,Chinese people only can be associated with Spain through nationality.,"[[[31185, 37871, 'Chinese_people', 0]]]"
17474,VERIFIABLE,SUPPORTS,Schindler's List was released in 1993.,"[[[45171, 53913, ""Schindler's_List"", 0]], [[45171, 53914, ""Schindler's_List"", 18]], [[47284, 56399, ""Schindler's_List"", 18]], [[49855, 59321, ""Schindler's_List"", 0]], [[49855, 59322, ""Schindler's_List"", 18]], [[302284, 293315, ""Schindler's_List"", 0]], [[302284, 293316, ""Schindler's_List"", 18]], [[304086, 294947, ""Schindler's_List"", 0]], [[304095, 294951, ""Schindler's_List"", 0]], [[304095, 294952, ""Schindler's_List"", 18]]]"
26724,VERIFIABLE,REFUTES,Zeus is an angel.,"[[[42902, 51530, 'Zeus', 0], [42902, 51530, 'List_of_thunder_gods', 1]], [[42902, 51531, 'Zeus', 1], [42902, 51531, 'Jupiter_-LRB-mythology-RRB-', 0]], [[42902, 51532, 'Zeus', 12], [42902, 51532, 'Sky_father', 0]]]"
188166,VERIFIABLE,SUPPORTS,Escape from Planet Earth is an American film.,"[[[219580, 225560, 'Escape_from_Planet_Earth', 0]], [[219581, 225561, 'Escape_from_Planet_Earth', 0]]]"
67094,VERIFIABLE,SUPPORTS,Venus Williams has won multiple Wimbledons.,"[[[83679, 95693, 'Venus_Williams', 16]], [[83679, 95694, 'Venus_Williams', 17]]]"
217904,VERIFIABLE,SUPPORTS,Quentin Tarantino directed a creative work.,"[[[259041, 257707, 'Quentin_Tarantino', 5]], [[259041, 257708, 'Quentin_Tarantino', 6], [259041, 257708, 'Reservoir_Dogs', 1]], [[259041, 257709, 'Quentin_Tarantino', 7], [259041, 257709, 'Pulp_Fiction', 0]], [[259041, 257710, 'Quentin_Tarantino', 9], [259041, 257710, 'Jackie_Brown', 0]], [[259041, 257711, 'Quentin_Tarantino', 13], [259041, 257711, 'Death_Proof', 0]], [[259041, 257712, 'Quentin_Tarantino', 12], [259041, 257712, 'Kill_Bill', 0]], [[259041, 257713, 'Quentin_Tarantino', 14], [259041, 257713, 'Inglourious_Basterds', 0]], [[259041, 257714, 'Quentin_Tarantino', 15], [259041, 257714, 'Django_Unchained', 0]], [[259041, 257715, 'Quentin_Tarantino', 17], [259041, 257715, 'The_Hateful_Eight', 0]]]"
29151,VERIFIABLE,REFUTES,The Beatles had Stuart Sutcliffe initially serve as their agent.,"[[[45262, 54014, 'The_Beatles', 6]]]"
174928,VERIFIABLE,REFUTES,50 First Dates has no comedic elements.,"[[[202306, 211609, '50_First_Dates', 0]]]"
9601,VERIFIABLE,SUPPORTS,A Nightmare on Elm Street was directed by Craven.,"[[[24401, 30170, 'A_Nightmare_on_Elm_Street', 0]], [[24401, 30171, 'A_Nightmare_on_Elm_Street', 6]]]"
107772,VERIFIABLE,SUPPORTS,Charlize Theron acted in The Burning Plain.,"[[[126500, 140899, 'Charlize_Theron', 11], [126500, 140899, 'The_Burning_Plain', 1]]]"
198918,VERIFIABLE,SUPPORTS,International Relations includes communication.,"[[[233882, 236772, 'International_relations', 9]]]"
45182,VERIFIABLE,SUPPORTS,Jemaine Clement refuses to have anything to do with comedy.,"[[[61531, 72039, 'Jemaine_Clement', 0]]]"
188934,VERIFIABLE,SUPPORTS,Usain Bolt has competed in a sprint race in track and field in world competitions.,"[[[220587, 226336, 'Usain_Bolt', 4]], [[220587, 226337, 'Usain_Bolt', 8]], [[220587, 226338, 'Usain_Bolt', 9]], [[220588, 226339, 'Usain_Bolt', 4]], [[220588, 226340, 'Usain_Bolt', 8]], [[220588, 226341, 'Usain_Bolt', 9]]]"
76318,VERIFIABLE,REFUTES,The main successor to the internet was the ARPANET.,"[[[93169, 106082, 'Internet', 6]]]"
175319,VERIFIABLE,SUPPORTS,Sarrainodu is an action movie.,"[[[202811, 211977, 'Sarrainodu', 0]]]"
78009,VERIFIABLE,SUPPORTS,"Jawbreaker (film) stars an Italian-born American actress, film producer, director and singer.","[[[94943, 107897, 'Jawbreaker_-LRB-film-RRB-', 1], [94943, 107897, 'Rose_McGowan', 0]]]"
54225,VERIFIABLE,SUPPORTS,Kurt Sutter is the creator of Sons of Anarchy.,"[[[168355, 182100, 'Kurt_Sutter', 2]], [[170551, 184090, 'Kurt_Sutter', 2]], [[170552, 184091, 'Kurt_Sutter', 2]], [[312527, 302323, 'Kurt_Sutter', 2]], [[313656, 303202, 'Kurt_Sutter', 2]]]"
181784,VERIFIABLE,SUPPORTS,La La Anthony has a middle name.,"[[[211335, 219050, 'La_La_Anthony', 0]]]"
141524,VERIFIABLE,SUPPORTS,Lisa Marie Presley is an American singer.,"[[[164554, 178798, 'Lisa_Marie_Presley', 0]]]"
54642,VERIFIABLE,REFUTES,Kingdom Hearts III is owned by Boyz II Men.,"[[[71002, 81890, 'Kingdom_Hearts_III', 2], [71002, 81890, 'Kingdom_Hearts', 0]], [[71002, 81891, 'Kingdom_Hearts_III', 1], [71002, 81891, 'Kingdom_Hearts', 0]], [[71002, 81892, 'Kingdom_Hearts_III', 6], [71002, 81892, 'Kingdom_Hearts', 0]]]"
79801,VERIFIABLE,SUPPORTS,Keanu Reeves is a film actor.,"[[[254303, 254012, 'Keanu_Reeves', 4]], [[254303, 254013, 'Keanu_Reeves', 0]], [[256412, 255633, 'Keanu_Reeves', 4]], [[256412, 255634, 'Keanu_Reeves', 5]], [[258060, 256946, 'Keanu_Reeves', 4]], [[320209, 308830, 'Keanu_Reeves', 4]], [[321012, 309468, 'Keanu_Reeves', 4]], [[321012, 309469, 'Keanu_Reeves', 5]], [[321013, 309470, 'Keanu_Reeves', 4]], [[321013, 309471, 'Keanu_Reeves', 5]]]"
4224,VERIFIABLE,SUPPORTS,Dwayne Johnson won the WWF Intercontinental Championship twice.,"[[[22305, 27502, 'Dwayne_Johnson', 12]]]"
187142,VERIFIABLE,SUPPORTS,Heartland is a canadian TV series.,"[[[218341, 224658, 'Heartland_-LRB-Canadian_TV_series-RRB-', 0]]]"
83763,VERIFIABLE,SUPPORTS,"By the metrics of the RIAA, The Beatles have sold more than any recording artist in America.","[[[100790, 114067, 'The_Beatles', 18]]]"
135246,VERIFIABLE,SUPPORTS,The national tree of Bangladesh is the mango.,"[[[289653, 282721, 'Mango', 7]], [[289654, 282722, 'Mango', 7]], [[336691, 322199, 'Mango', 7]], [[336802, 322315, 'Mango', 7]]]"
67105,VERIFIABLE,SUPPORTS,"There are two major contemporary political parties, and William Jennings Bryan belongs to one of them.","[[[83677, 95692, 'William_Jennings_Bryan', 0], [83677, 95692, 'Democratic_Party_-LRB-United_States-RRB-', 0]]]"
216028,VERIFIABLE,SUPPORTS,Iris Murdoch was a writer.,"[[[256655, 255829, 'Iris_Murdoch', 0]], [[256655, 255830, 'Iris_Murdoch', 1]], [[256655, 255831, 'Iris_Murdoch', 3], [256655, 255831, 'A_Severed_Head', 0]], [[256655, 255832, 'Iris_Murdoch', 4]]]"
157805,VERIFIABLE,SUPPORTS,David Koepp is a director.,"[[[297868, 289454, 'David_Koepp', 0]], [[300054, 291352, 'David_Koepp', 0]], [[342830, 326727, 'David_Koepp', 0]], [[342830, 326728, 'David_Koepp', 8]], [[342839, 326733, 'David_Koepp', 0]], [[342840, 326734, 'David_Koepp', 0]], [[342842, 326737, 'David_Koepp', 0]], [[342842, 326738, 'David_Koepp', 8]]]"
1800,VERIFIABLE,SUPPORTS,"A block is also called a ""swat.""","[[[17565, 21717, 'Block_-LRB-basketball-RRB-', 10]]]"
127279,VERIFIABLE,SUPPORTS,Paul Pogba made it to the 2015 UEFA Champions League Final with the Juventus team.,"[[[149140, 164154, 'Paul_Pogba', 6]]]"
181956,VERIFIABLE,REFUTES,Leroy Jethro Gibbs is a character on the NFL series NCIS.,"[[[211555, 219232, 'Leroy_Jethro_Gibbs', 0]]]"
105289,VERIFIABLE,SUPPORTS,Leslie Howard was an actor.,"[[[123614, 138027, 'Leslie_Howard_-LRB-actor-RRB-', 0]], [[123614, 138028, 'Leslie_Howard_-LRB-actor-RRB-', 3]]]"
67108,VERIFIABLE,SUPPORTS,Catching Fire is written.,"[[[83684, 95704, 'Catching_Fire', 0]]]"
194613,VERIFIABLE,SUPPORTS,Avatar: The Last Airbender aired on Nickelodeon.,"[[[227953, 232283, 'Avatar-COLON-_The_Last_Airbender', 0]], [[227956, 232285, 'Avatar-COLON-_The_Last_Airbender', 0]], [[227956, 232286, 'Avatar-COLON-_The_Last_Airbender', 17]]]"
183275,VERIFIABLE,SUPPORTS,Harry Hopman's widow has attended Hopman Cup.,"[[[213330, 220586, 'Hopman_Cup', 4]]]"
191405,VERIFIABLE,SUPPORTS,Frank Zappa's debut was Freak Out!,"[[[223808, 228743, 'Frank_Zappa', 10]]]"
70835,VERIFIABLE,REFUTES,Ruth Negga only acts in Irish cinema.,"[[[227316, 231710, 'Ruth_Negga', 0], [227316, 231710, 'Warcraft_-LRB-film-RRB-', 0]], [[227316, 231711, 'Ruth_Negga', 1], [227316, 231711, 'Criminal_Justice_-LRB-TV_series-RRB-', 0]], [[227316, 231712, 'Ruth_Negga', 2], [227316, 231712, 'Preacher_-LRB-TV_series-RRB-', 0]], [[227316, 231713, 'Ruth_Negga', 5], [227316, 231713, 'Loving_-LRB-2016_film-RRB-', 0]], [[230071, 233814, 'Ruth_Negga', 0], [230071, 233814, 'Warcraft_-LRB-film-RRB-', 0]], [[230071, 233815, 'Ruth_Negga', 1], [230071, 233815, 'Criminal_Justice_-LRB-TV_series-RRB-', 0]], [[230071, 233816, 'Ruth_Negga', 5], [230071, 233816, 'Loving_-LRB-2016_film-RRB-', 0]], [[230071, 233817, 'Ruth_Negga', 2], [230071, 233817, 'Preacher_-LRB-TV_series-RRB-', 0]], [[318128, 307098, 'Ruth_Negga', 0]], [[318133, 307101, 'Ruth_Negga', 0], [318133, 307101, 'Warcraft_-LRB-film-RRB-', 0]], [[318133, 307102, 'Ruth_Negga', 1]], [[318133, 307103, 'Ruth_Negga', 2], [318133, 307103, 'Preacher_-LRB-TV_series-RRB-', 0]], [[318133, 307104, 'Ruth_Negga', 5], [318133, 307104, 'Loving_-LRB-2016_film-RRB-', 0]], [[318141, 307110, 'Ruth_Negga', 1], [318141, 307110, 'Criminal_Justice_-LRB-TV_series-RRB-', 0]], [[318141, 307111, 'Ruth_Negga', 2], [318141, 307111, 'AMC_-LRB-TV_channel-RRB-', 0]], [[318141, 307112, 'Ruth_Negga', 5], [318141, 307112, 'Loving_-LRB-2016_film-RRB-', 0]]]"
214939,VERIFIABLE,REFUTES,George VI was succeeded by Mary I.,"[[[255220, 254685, 'George_VI', 28]]]"
192295,VERIFIABLE,SUPPORTS,Psychological findings link to research and perspectives from an academic discipline.,"[[[224933, 229658, 'Psychology', 13], [224933, 229658, 'Humanities', 0]]]"
226700,VERIFIABLE,SUPPORTS,The Beach Boys was an American rock band.,"[[[270292, 266355, 'The_Beach_Boys', 0]], [[270293, 266356, 'The_Beach_Boys', 23]]]"
147947,VERIFIABLE,SUPPORTS,Billy Bob Thornton directed a movie.,"[[[171549, 185016, 'Billy_Bob_Thornton', 16]], [[171549, 185017, 'Billy_Bob_Thornton', 3]], [[171553, 185021, 'Billy_Bob_Thornton', 16]]]"
19023,VERIFIABLE,SUPPORTS,"The Ren & Stimpy Show premiered on August 11, 1991.","[[[34664, 42041, 'The_Ren_&_Stimpy_Show', 2], [34664, 42041, 'The_Ren_&_Stimpy_Show', 0]]]"
224612,VERIFIABLE,REFUTES,Courteney Cox has always refused to play Gale Weathers.,"[[[269493, 265810, 'Courteney_Cox', 1]]]"
201305,VERIFIABLE,SUPPORTS,Ronin is a film.,"[[[236888, 239245, 'Ronin_-LRB-film-RRB-', 0]]]"
160383,VERIFIABLE,SUPPORTS,Abraham Lincoln had at least one rival.,"[[[184854, 196730, 'Abraham_Lincoln', 10]]]"
170789,VERIFIABLE,SUPPORTS,There is a producer named Fred Savage.,"[[[197051, 207121, 'Fred_Savage', 0]]]"
6854,VERIFIABLE,SUPPORTS,Al Capone had neurosyphilis.,"[[[23765, 29425, 'Al_Capone', 23], [23765, 29425, 'Neurosyphilis', 0]]]"
77244,VERIFIABLE,SUPPORTS,Boston is located in the state of Massachusetts on the Shawmut Peninsula.,"[[[94151, 107143, 'Boston', 7], [94151, 107143, 'Shawmut_Peninsula', 0]]]"
111448,VERIFIABLE,SUPPORTS,Interstellar is a narrative in a visual medium.,"[[[130844, 145621, 'Interstellar_-LRB-film-RRB-', 3]], [[130844, 145622, 'Interstellar_-LRB-film-RRB-', 4]], [[130844, 145623, 'Interstellar_-LRB-film-RRB-', 9]], [[130844, 145624, 'Interstellar_-LRB-film-RRB-', 10]], [[130844, 145625, 'Interstellar_-LRB-film-RRB-', 12]], [[130844, 145626, 'Interstellar_-LRB-film-RRB-', 13]], [[130844, 145627, 'Interstellar_-LRB-film-RRB-', 15]], [[130844, 145628, 'Interstellar_-LRB-film-RRB-', 20]], [[130844, 145629, 'Interstellar_-LRB-film-RRB-', 21]]]"
207829,VERIFIABLE,REFUTES,Britney Spears titled her fourth studio album Britney.,"[[[245854, 246523, 'Britney_Spears', 6]]]"
13320,VERIFIABLE,SUPPORTS,Mike Tyson boxed.,"[[[28572, 34904, 'Mike_Tyson', 0]], [[28572, 34905, 'Mike_Tyson', 1]], [[28572, 34906, 'Mike_Tyson', 3], [28572, 34906, 'World_Boxing_Council', 0]], [[28572, 34907, 'Mike_Tyson', 4]], [[28572, 34908, 'Mike_Tyson', 22]], [[28572, 34909, 'Mike_Tyson', 27]], [[28572, 34910, 'Mike_Tyson', 30]]]"
122919,VERIFIABLE,REFUTES,The Hermetic Order of the Golden Dawn was uninterested in the study of the occult.,"[[[144347, 159372, 'Hermetic_Order_of_the_Golden_Dawn', 0]]]"
213337,VERIFIABLE,REFUTES,Ellen Burstyn has yet to be nominated for the Emmy Awards.,"[[[253104, 252988, 'Ellen_Burstyn', 11]]]"
58284,VERIFIABLE,SUPPORTS,Princess Agents is a series on television.,"[[[74648, 85874, 'Princess_Agents', 0]]]"
101147,VERIFIABLE,SUPPORTS,Gwen Stefani works as a singer.,"[[[118914, 132770, 'Gwen_Stefani', 0]], [[118914, 132771, 'Gwen_Stefani', 1]]]"
95918,VERIFIABLE,SUPPORTS,James Marsden worked with a director.,"[[[113442, 127302, 'James_Marsden', 6], [113442, 127302, 'Hairspray_-LRB-2007_film-RRB-', 1]], [[113442, 127303, 'James_Marsden', 11], [113442, 127303, 'Small_Apartments', 0]]]"
223143,VERIFIABLE,SUPPORTS,Carrie Fisher died of cardiac arrest.,"[[[265800, 262960, 'Carrie_Fisher', 11]]]"
92592,VERIFIABLE,SUPPORTS,Ice hockey has competitions.,"[[[109914, 123524, 'Ice_hockey', 21]], [[109914, 123525, 'Ice_hockey', 24]]]"
113124,VERIFIABLE,REFUTES,The Fifth Element was the lowest-grossing French film in the international box office until 2011.,"[[[132690, 147613, 'The_Fifth_Element', 15]]]"
148951,VERIFIABLE,REFUTES,The Hunger Games is the first in Lord of the Rings series.,"[[[172626, 185899, 'The_Hunger_Games_-LRB-film-RRB-', 1]]]"
144665,VERIFIABLE,REFUTES,"Audi used to have the pet ""Truth in Engineering.""","[[[167942, 181710, 'Audi', 14]]]"
208563,VERIFIABLE,SUPPORTS,Java contains more than half of the population of Indonesia.,"[[[246803, 247251, 'Indonesia', 4]]]"
19665,VERIFIABLE,SUPPORTS,Urilla Sutherland Earp was the first spouse of Wyatt Earp.,"[[[35453, 42967, 'Wyatt_Earp', 7]]]"
209148,VERIFIABLE,SUPPORTS,Brave is a 2010s film.,"[[[247586, 247868, 'Brave_-LRB-2012_film-RRB-', 0]], [[247586, 247869, 'Brave_-LRB-2012_film-RRB-', 14]]]"
214662,VERIFIABLE,SUPPORTS,Winter Passing had mixed reviews in 2005.,"[[[254864, 254431, 'Winter_Passing', 3]]]"
205197,VERIFIABLE,REFUTES,Audrey Horne was introduced in anything except a series that premiered on Sunday.,"[[[242446, 243829, 'Audrey_Horne', 2], [242446, 243829, 'Pilot_-LRB-Twin_Peaks-RRB-', 0]]]"
109722,VERIFIABLE,SUPPORTS,Line of Duty is a TV series.,"[[[128743, 143409, 'Line_of_Duty', 0]], [[128743, 143410, 'Line_of_Duty', 1]]]"
217062,VERIFIABLE,REFUTES,The Dayton Agreement was signed in April.,"[[[257909, 256844, 'Dayton_Agreement', 0]]]"
172369,VERIFIABLE,SUPPORTS,The National Security Agency is tasked with the processing of data for counterintelligence purposes.,"[[[198944, 208617, 'National_Security_Agency', 1]], [[198949, 208622, 'National_Security_Agency', 1]]]"
7732,VERIFIABLE,SUPPORTS,Gold is resistant to all acids except aqua regia.,"[[[12659, 15805, 'Gold', 15]]]"
71558,VERIFIABLE,SUPPORTS,There is a geologic period that spans 43 million years called Paleogene.,"[[[88230, 100835, 'Paleogene', 0]]]"
31338,VERIFIABLE,SUPPORTS,Cher has sold more than 100 million music records worldwide.,"[[[47480, 56665, 'Cher', 26]]]"
76034,VERIFIABLE,SUPPORTS,Bernard Madoff got the sentence.,"[[[92860, 105713, 'Bernard_Madoff', 8]]]"
92637,VERIFIABLE,SUPPORTS,Donkey is a fast-talking donkey.,"[[[109962, 123574, 'Donkey_-LRB-Shrek-RRB-', 0]]]"
135541,VERIFIABLE,SUPPORTS,O. J. Simpson received a criminal charge for armed robbery.,"[[[158137, 172763, 'O._J._Simpson', 0]], [[158137, 172764, 'O._J._Simpson', 17]]]"
63041,VERIFIABLE,SUPPORTS,Ketogenic diet has protein.,"[[[79466, 91183, 'Ketogenic_diet', 0]], [[79466, 91184, 'Ketogenic_diet', 11]], [[79466, 91185, 'Ketogenic_diet', 13]]]"
122043,VERIFIABLE,REFUTES,Dennis Quaid refused to ever be an actor.,"[[[143248, 158344, 'Dennis_Quaid', 0]], [[143248, 158345, 'Dennis_Quaid', 2]], [[143248, 158346, 'Dennis_Quaid', 3]]]"
37246,VERIFIABLE,SUPPORTS,The United States was the first country to develop nuclear weapons.,"[[[53441, 63441, 'United_States', 29]]]"
20560,VERIFIABLE,REFUTES,Thandie Newton is incapable of appearing in British films.,"[[[36367, 43943, 'Thandie_Newton', 1]]]"
162141,VERIFIABLE,SUPPORTS,Reese Witherspoon's breakthrough role was in a film.,"[[[186665, 198445, 'Reese_Witherspoon', 6]]]"
159742,VERIFIABLE,REFUTES,Jenni Rivera was only nominated for an award presented annually by American network Univision.,"[[[184177, 196125, 'Jenni_Rivera', 9], [184177, 196125, 'Lo_Nuestro_Award_for_Regional_Mexican_Female_Artist_of_the_Year', 0]]]"
122490,VERIFIABLE,SUPPORTS,Curly Top was released.,"[[[143857, 158921, 'Curly_Top_-LRB-film-RRB-', 0]]]"
96045,VERIFIABLE,REFUTES,Edgar Allan Poe was a horse.,"[[[278138, 273021, 'Edgar_Allan_Poe', 0]], [[278142, 273024, 'Edgar_Allan_Poe', 0]], [[278154, 273032, 'Edgar_Allan_Poe', 0]], [[278154, 273033, 'Edgar_Allan_Poe', 1]], [[278154, 273034, 'Edgar_Allan_Poe', 2]], [[278154, 273035, 'Edgar_Allan_Poe', 3]], [[278154, 273036, 'Edgar_Allan_Poe', 4]], [[278154, 273037, 'Edgar_Allan_Poe', 7]], [[278154, 273038, 'Edgar_Allan_Poe', 10]], [[278154, 273039, 'Edgar_Allan_Poe', 11]], [[278154, 273040, 'Edgar_Allan_Poe', 12]], [[278154, 273041, 'Edgar_Allan_Poe', 13]], [[278154, 273042, 'Edgar_Allan_Poe', 14]], [[278154, 273043, 'Edgar_Allan_Poe', 16]], [[278154, 273044, 'Edgar_Allan_Poe', 19]], [[278154, 273045, 'Edgar_Allan_Poe', 20]], [[278154, 273046, 'Edgar_Allan_Poe', 21]], [[278154, 273047, 'Edgar_Allan_Poe', 22]], [[278154, 273048, 'Edgar_Allan_Poe', 25]]]"
47251,VERIFIABLE,SUPPORTS,Danny DeVito received an Academy Award nomination.,"[[[63562, 74315, 'Danny_DeVito', 13]]]"
164574,VERIFIABLE,SUPPORTS,PageRank was named after someone.,"[[[189271, 200560, 'PageRank', 1]]]"
115977,VERIFIABLE,SUPPORTS,Morena Baccarin received a nomination.,"[[[136179, 151012, 'Morena_Baccarin', 1]]]"
33501,VERIFIABLE,SUPPORTS,Jeffrey Dahmer committed murders in Wisconsin.,"[[[49599, 58989, 'Jeffrey_Dahmer', 5]]]"
94908,VERIFIABLE,REFUTES,Naomi Scott played Darth Maul in Lemonade Mouth.,"[[[112413, 126254, 'Naomi_Scott', 2]]]"
85869,VERIFIABLE,SUPPORTS,The Minnesota Vikings is a National Football League team.,"[[[103023, 116338, 'Minnesota_Vikings', 1]], [[103023, 116339, 'Minnesota_Vikings', 2], [103023, 116339, 'NFC_North', 0]], [[103023, 116340, 'Minnesota_Vikings', 3], [103023, 116340, 'Super_Bowl', 0]], [[103023, 116341, 'Minnesota_Vikings', 4], [103023, 116341, 'U.S._Bank_Stadium', 1]], [[103026, 116344, 'Minnesota_Vikings', 1]], [[103026, 116345, 'Minnesota_Vikings', 2], [103026, 116345, 'NFC_North', 0]], [[103026, 116346, 'Minnesota_Vikings', 3], [103026, 116346, 'Super_Bowl', 0]], [[103026, 116347, 'Minnesota_Vikings', 4], [103026, 116347, 'U.S._Bank_Stadium', 1]]]"
162284,VERIFIABLE,SUPPORTS,L.A. Law is a television series that categorizes as a legal drama.,"[[[186824, 198597, 'L.A._Law', 0]]]"
26776,VERIFIABLE,SUPPORTS,Paradise was released in 2012.,"[[[42920, 51559, 'Paradise_-LRB-Lana_Del_Rey_EP-RRB-', 0]]]"
151885,VERIFIABLE,SUPPORTS,Dirt was produced by ABC studios and Coquette Productions.,"[[[175824, 188790, 'Dirt_-LRB-TV_series-RRB-', 9]]]"
28748,VERIFIABLE,REFUTES,Arsenic and Old Lace had its release delayed by 3 months.,"[[[44868, 53559, 'Arsenic_and_Old_Lace_-LRB-film-RRB-', 2]]]"
43629,VERIFIABLE,SUPPORTS,The Belko Experiment is an American horror film released in 2016.,"[[[59968, 70376, 'The_Belko_Experiment', 0]]]"
82273,VERIFIABLE,REFUTES,Psychology has been disqualified from being a social science.,"[[[99348, 112472, 'Psychology', 13]], [[99348, 112473, 'Psychology', 1]]]"
25202,VERIFIABLE,REFUTES,Apple was founded in 1979.,"[[[68827, 79644, 'Apple_Inc.', 6]], [[71614, 82594, 'Apple_Inc.', 6]], [[74748, 85967, 'Apple_Inc.', 6]], [[303928, 294823, 'Apple_Inc.', 6]], [[305582, 296395, 'Apple_Inc.', 6]], [[305582, 296396, 'Apple_Inc.', 7]]]"
132999,VERIFIABLE,SUPPORTS,Moscow is a city in Russia.,"[[[155476, 170145, 'Moscow', 0]], [[155477, 170146, 'Moscow', 0]]]"
212522,VERIFIABLE,SUPPORTS,The term cult film was first used in the 1970s.,"[[[252022, 251807, 'Cult_film', 4]], [[252025, 251811, 'Cult_film', 4]]]"
36742,VERIFIABLE,SUPPORTS,The September 11 attacks caused at least $10 billion in property damage.,"[[[52933, 62862, 'September_11_attacks', 4]]]"
217573,VERIFIABLE,SUPPORTS,The second longest of Shakespeare's plays after Hamlet is Richard III.,"[[[258583, 257371, 'Richard_III_-LRB-play-RRB-', 7]]]"
8711,VERIFIABLE,SUPPORTS,"Kathy Bates was born on June 28, 1948.","[[[15832, 19696, 'Kathy_Bates', 0]], [[17342, 21452, 'Kathy_Bates', 0]], [[17920, 22070, 'Kathy_Bates', 0]], [[301342, 292469, 'Kathy_Bates', 0]], [[302356, 293380, 'Kathy_Bates', 0]], [[304214, 295055, 'Kathy_Bates', 0]]]"
206540,VERIFIABLE,SUPPORTS,Joseph Barbera was an American director.,"[[[244216, 245279, 'Joseph_Barbera', 0]]]"
113668,VERIFIABLE,REFUTES,Penny Dreadful started in 2017.,"[[[133395, 148249, 'Penny_Dreadful_-LRB-TV_series-RRB-', 2]], [[133395, 148250, 'Penny_Dreadful_-LRB-TV_series-RRB-', 3]], [[133395, 148251, 'Penny_Dreadful_-LRB-TV_series-RRB-', 4]]]"
141654,VERIFIABLE,SUPPORTS,There is a video game called Overwatch (video game).,"[[[164740, 178946, 'Overwatch_-LRB-video_game-RRB-', 0]], [[164740, 178947, 'Overwatch_-LRB-video_game-RRB-', 1], [164740, 178947, 'PlayStation_4', 0], [164740, 178947, 'Xbox_One', 0]], [[164740, 178948, 'Overwatch_-LRB-video_game-RRB-', 22]], [[164740, 178949, 'Overwatch_-LRB-video_game-RRB-', 23], [164740, 178949, 'ESports', 0]]]"
23575,VERIFIABLE,SUPPORTS,The Lion King was released before 2000.,"[[[39527, 47608, 'The_Lion_King', 0]]]"
162455,VERIFIABLE,REFUTES,Before We Go was previously titled Fury.,"[[[187980, 199543, 'Before_We_Go', 0]], [[187981, 199544, 'Before_We_Go', 0]]]"
58743,VERIFIABLE,SUPPORTS,Stevie Nicks released an album that reached platinum status.,"[[[75111, 86336, 'Stevie_Nicks', 21]]]"
77381,VERIFIABLE,SUPPORTS,Overwatch's playable characters are categorized into four groups.,"[[[245550, 246321, 'Overwatch_-LRB-video_game-RRB-', 4]], [[248274, 248472, 'Overwatch_-LRB-video_game-RRB-', 4]], [[250437, 250424, 'Overwatch_-LRB-video_game-RRB-', 4]], [[319475, 308163, 'Overwatch_-LRB-video_game-RRB-', 4]], [[319488, 308184, 'Overwatch_-LRB-video_game-RRB-', 4]]]"
108798,VERIFIABLE,REFUTES,Andrew Wood died in 1977.,"[[[127667, 142276, 'Andrew_Wood_-LRB-singer-RRB-', 0]], [[127667, 142277, 'Andrew_Wood_-LRB-singer-RRB-', 4]], [[127667, 142278, 'Andrew_Wood_-LRB-singer-RRB-', 6], [127667, 142278, 'Deep_Six_-LRB-album-RRB-', 0]], [[127667, 142279, 'Andrew_Wood_-LRB-singer-RRB-', 7]], [[127667, 142280, 'Andrew_Wood_-LRB-singer-RRB-', 10]], [[127667, 142281, 'Andrew_Wood_-LRB-singer-RRB-', 11], [127667, 142281, 'Mother_Love_Bone', 1]], [[127667, 142282, 'Andrew_Wood_-LRB-singer-RRB-', 13]], [[127667, 142283, 'Andrew_Wood_-LRB-singer-RRB-', 16]], [[127667, 142284, 'Andrew_Wood_-LRB-singer-RRB-', 17]]]"
2172,VERIFIABLE,SUPPORTS,James McAvoy starred in Children of Dune.,"[[[17992, 22142, 'James_McAvoy', 2]]]"
85239,VERIFIABLE,REFUTES,John Constantine is a real person.,"[[[102341, 115614, 'John_Constantine', 0]]]"
127797,VERIFIABLE,SUPPORTS,The Portuguese Empire was one of world history's largest empires.,"[[[149761, 164703, 'Portuguese_Empire', 0]]]"
188536,VERIFIABLE,SUPPORTS,Eddie Vedder is a performer.,"[[[220074, 225941, 'Eddie_Vedder', 0]], [[220075, 225942, 'Eddie_Vedder', 0]]]"
146437,VERIFIABLE,REFUTES,"Kenny Rogers released the album, Kenny in 2005.","[[[169935, 183531, 'Kenny_Rogers', 8], [169935, 183531, 'Kenny_-LRB-album-RRB-', 0]], [[169936, 183532, 'Kenny_Rogers', 8], [169936, 183532, 'Kenny_-LRB-album-RRB-', 0]]]"
81435,VERIFIABLE,SUPPORTS,Larry Buttrose wrote Cafe Royale.,"[[[98480, 111574, 'Larry_Buttrose', 2]]]"
169552,VERIFIABLE,SUPPORTS,Elementary stars Lucy Liu.,"[[[195502, 205758, 'Elementary_-LRB-TV_series-RRB-', 1], [195502, 205758, 'Lucy_Liu', 8]]]"
151581,VERIFIABLE,SUPPORTS,Farrah Fawcett acted in the romantic comedy Love is a Funny Thing.,"[[[175446, 188441, 'Farrah_Fawcett', 23]]]"
130116,VERIFIABLE,REFUTES,X-Men: Days of Future Past is based on the DC Batman comics.,"[[[152340, 167130, 'X-Men-COLON-_Days_of_Future_Past', 0]]]"
3219,VERIFIABLE,SUPPORTS,San Junipero is from Britain.,"[[[19169, 23515, 'San_Junipero', 0]]]"
138918,VERIFIABLE,REFUTES,Alex Rodriguez never hit a home run.,"[[[161709, 176135, 'Alex_Rodriguez', 3]], [[161709, 176136, 'Alex_Rodriguez', 17]]]"
147890,VERIFIABLE,REFUTES,John F. Kennedy ran against Andrew Jackson in the 1960 presidential election.,"[[[38619, 46578, 'John_F._Kennedy', 11]]]"
226368,VERIFIABLE,REFUTES,Gift of the Night Fury only stars the voices of actors and actresses born in October.,"[[[269885, 266059, 'Gift_of_the_Night_Fury', 6], [269885, 266059, 'Jay_Baruchel', 0]]]"
55494,VERIFIABLE,REFUTES,Schindler's List was not awarded The Academy Award for Best Picture.,"[[[71857, 82849, ""Schindler's_List"", 20]]]"
93229,VERIFIABLE,SUPPORTS,Juana la virgen is a telenovela written by Perla Farias.,"[[[110610, 124234, 'Juana_la_virgen', 0]]]"
114319,VERIFIABLE,SUPPORTS,The Champ stars an American.,"[[[134244, 149139, 'The_Champ_-LRB-1979_film-RRB-', 0]]]"
213458,VERIFIABLE,SUPPORTS,Monarch of the Glen is a drama from Britain.,"[[[253298, 253185, 'Monarch_of_the_Glen_-LRB-TV_series-RRB-', 0]]]"
144301,VERIFIABLE,SUPPORTS,Robert Redford is a film director.,"[[[167511, 181315, 'Robert_Redford', 0]]]"
202873,VERIFIABLE,SUPPORTS,Best Director was a nomination Beasts of the Southern Wild received.,"[[[239122, 241056, 'Beasts_of_the_Southern_Wild', 5]], [[239125, 241058, 'Beasts_of_the_Southern_Wild', 5]]]"
60291,VERIFIABLE,SUPPORTS,The Los Angeles Lakers hold the NBA record for longest winning streak.,"[[[76726, 88062, 'Los_Angeles_Lakers', 24]]]"
88496,VERIFIABLE,SUPPORTS,The Philippines is industrial.,"[[[105735, 119155, 'Philippines', 32]]]"
83786,VERIFIABLE,SUPPORTS,Joe Manganiello has appeared in a movie.,"[[[100815, 114088, 'Joe_Manganiello', 5]], [[100817, 114090, 'Joe_Manganiello', 5]]]"
81339,VERIFIABLE,SUPPORTS,Veronika Decides to Die is authored by Roberta Hanley.,"[[[98390, 111502, 'Veronika_Decides_to_Die_-LRB-film-RRB-', 1]]]"
99152,VERIFIABLE,SUPPORTS,Sully is a Tom Hanks movie.,"[[[116795, 130681, 'Sully_-LRB-film-RRB-', 1]], [[116795, 130682, 'Sully_-LRB-film-RRB-', 0]]]"
107555,VERIFIABLE,REFUTES,Walter Matthau is incapable of winning anything.,"[[[126252, 140654, 'Walter_Matthau', 1]]]"
157338,VERIFIABLE,SUPPORTS,Lisa Kudrow appeared on Showtime.,"[[[181512, 193752, 'Lisa_Kudrow', 6]]]"
190817,VERIFIABLE,SUPPORTS,Myles Kennedy has released albums.,"[[[223012, 228100, 'Myles_Kennedy', 10]]]"
66030,VERIFIABLE,SUPPORTS,Jane Fonda worked with Lily Tomlin in a show.,"[[[82585, 94385, 'Jane_Fonda', 21]]]"
145452,VERIFIABLE,REFUTES,"Imagine Dragons was named the ""Breakthrough Band of 2014.""","[[[168765, 182461, 'Imagine_Dragons', 2]]]"
187984,VERIFIABLE,SUPPORTS,Mike Love co-founded a band.,"[[[219356, 225386, 'Mike_Love', 0]]]"
10983,VERIFIABLE,SUPPORTS,"Apple was incorporated as Apple Computer, Inc. in January 1977.","[[[26182, 32193, 'Apple_Inc.', 7]]]"
44313,VERIFIABLE,SUPPORTS,Star Search was relaunched in 2003-04.,"[[[60708, 71185, 'Star_Search', 1]]]"
139179,VERIFIABLE,REFUTES,Canada was never the location of a French colony.,"[[[290126, 283166, 'Canada', 11]], [[291462, 284379, 'Canada', 11]], [[291463, 284380, 'Canada', 11]], [[291464, 284381, 'Canada', 11]], [[337670, 323030, 'Canada', 11]], [[337670, 323031, 'Canada', 13], [337670, 323031, 'New_Brunswick', 0]]]"
115787,VERIFIABLE,REFUTES,System of a Down has only sold albums in Greenland.,"[[[135897, 150728, 'System_of_a_Down', 7]]]"
3402,VERIFIABLE,SUPPORTS,Led Zeppelin was first named the New Yardbirds.,"[[[19412, 23823, 'Led_Zeppelin', 5]]]"
23519,VERIFIABLE,REFUTES,Payton Manning signed with the Ontario Broncos.,"[[[42501, 51147, 'Peyton_Manning', 1]], [[42501, 51148, 'Peyton_Manning', 11]]]"
185109,VERIFIABLE,REFUTES,Anthropology is a division of Davis Entertainment.,"[[[215695, 222517, 'Davis_Entertainment', 3]]]"
228169,VERIFIABLE,SUPPORTS,Kafka stars an actor.,"[[[272197, 267893, 'Kafka_-LRB-film-RRB-', 2], [272197, 267893, 'Ian_Holm', 0]]]"
65043,VERIFIABLE,SUPPORTS,Alex Rodriguez played for the Mariners.,"[[[81548, 93316, 'Alex_Rodriguez', 1]], [[81548, 93317, 'Alex_Rodriguez', 10], [81548, 93317, 'Shortstop', 0]]]"
131167,VERIFIABLE,SUPPORTS,Charles Marie de La Condamine was born in 1701.,"[[[153464, 168287, 'Charles_Marie_de_La_Condamine', 0]]]"
228918,VERIFIABLE,SUPPORTS,Pulp Fiction is written by a man.,"[[[273142, 268703, 'Pulp_Fiction', 0], [273142, 268703, 'Quentin_Tarantino', 1]]]"
101895,VERIFIABLE,SUPPORTS,Giada De Laurentiis has been a contributor to a morning TV program.,"[[[119637, 133719, 'Giada_De_Laurentiis', 1], [119637, 133719, 'Today_-LRB-U.S._TV_program-RRB-', 0]], [[119638, 133723, 'Giada_De_Laurentiis', 1], [119638, 133723, 'Today_-LRB-U.S._TV_program-RRB-', 0]]]"
20433,VERIFIABLE,SUPPORTS,The Grammy Hall of Fame inducted Bohemian Rhapsody.,"[[[36240, 43781, 'Bohemian_Rhapsody', 18]]]"
55174,VERIFIABLE,REFUTES,"Hugh Jackman has a public feud with Christopher Nolan, preventing any collaboration between the two.","[[[71526, 82495, 'Hugh_Jackman', 2], [71526, 82495, 'The_Prestige_-LRB-film-RRB-', 0]]]"
2290,VERIFIABLE,SUPPORTS,Cate Blanchett was nominated for an Academy Award.,"[[[11153, 14037, 'Cate_Blanchett', 1]], [[11153, 14038, 'Cate_Blanchett', 2]], [[11153, 14039, 'Cate_Blanchett', 3]], [[11153, 14040, 'Cate_Blanchett', 4]], [[11153, 14041, 'Cate_Blanchett', 7]], [[11153, 14042, 'Cate_Blanchett', 8]], [[11153, 14043, 'Cate_Blanchett', 9]], [[11157, 14047, 'Cate_Blanchett', 2]], [[11157, 14048, 'Cate_Blanchett', 4]], [[11157, 14049, 'Cate_Blanchett', 3], [11157, 14049, 'Academy_Award_for_Best_Supporting_Actress', 0]], [[11157, 14050, 'Cate_Blanchett', 7]], [[11157, 14051, 'Cate_Blanchett', 9], [11157, 14051, 'Academy_Awards', 0]], [[11164, 14059, 'Cate_Blanchett', 1]], [[11164, 14060, 'Cate_Blanchett', 2]], [[11164, 14061, 'Cate_Blanchett', 3]], [[11164, 14062, 'Cate_Blanchett', 4]], [[11164, 14063, 'Cate_Blanchett', 7]], [[11164, 14064, 'Cate_Blanchett', 8]], [[11164, 14065, 'Cate_Blanchett', 9]], [[15427, 19236, 'Cate_Blanchett', 2]], [[15427, 19237, 'Cate_Blanchett', 7]], [[15427, 19238, 'Cate_Blanchett', 9]], [[16212, 20077, 'Cate_Blanchett', 1]], [[16212, 20078, 'Cate_Blanchett', 2]], [[16212, 20079, 'Cate_Blanchett', 3]], [[16212, 20080, 'Cate_Blanchett', 4]], [[16212, 20081, 'Cate_Blanchett', 7]], [[16212, 20082, 'Cate_Blanchett', 8]], [[16212, 20083, 'Cate_Blanchett', 9]], [[19285, 23668, 'Cate_Blanchett', 1]], [[19285, 23669, 'Cate_Blanchett', 2]], [[19285, 23670, 'Cate_Blanchett', 3]], [[19285, 23671, 'Cate_Blanchett', 4]], [[19285, 23672, 'Cate_Blanchett', 7]], [[21295, 26167, 'Cate_Blanchett', 3]], [[27791, 34064, 'Cate_Blanchett', 2]], [[27791, 34065, 'Cate_Blanchett', 7]], [[33385, 40500, 'Cate_Blanchett', 2]], [[33385, 40501, 'Cate_Blanchett', 7]], [[38131, 46041, 'Cate_Blanchett', 2]], [[40613, 48839, 'Cate_Blanchett', 1]], [[40613, 48840, 'Cate_Blanchett', 2]], [[40613, 48841, 'Cate_Blanchett', 3]], [[40613, 48842, 'Cate_Blanchett', 4]], [[40613, 48843, 'Cate_Blanchett', 7]], [[40613, 48844, 'Cate_Blanchett', 9], [40613, 48844, 'Academy_Awards', 0]], [[40613, 48845, 'Cate_Blanchett', 8], [40613, 48845, 'Academy_Awards', 0]], [[44513, 53176, 'Cate_Blanchett', 1]], [[44513, 53177, 'Cate_Blanchett', 2]], [[44513, 53178, 'Cate_Blanchett', 7]], [[48268, 57615, 'Cate_Blanchett', 2]], [[48268, 57616, 'Cate_Blanchett', 9]], [[52962, 62888, 'Cate_Blanchett', 2]], [[52962, 62889, 'Cate_Blanchett', 7]], [[57956, 68186, 'Cate_Blanchett', 2]], [[57956, 68187, 'Cate_Blanchett', 7]], [[57956, 68188, 'Cate_Blanchett', 9]], [[57956, 68189, 'Cate_Blanchett', 1]], [[57956, 68190, 'Cate_Blanchett', 3]], [[57956, 68191, 'Cate_Blanchett', 4]], [[57956, 68192, 'Cate_Blanchett', 8]], [[62197, 72753, 'Cate_Blanchett', 1]], [[62197, 72754, 'Cate_Blanchett', 2]], [[62197, 72755, 'Cate_Blanchett', 3]], [[62197, 72756, 'Cate_Blanchett', 4]], [[62197, 72757, 'Cate_Blanchett', 7]], [[66353, 77189, 'Cate_Blanchett', 1]], [[66353, 77190, 'Cate_Blanchett', 2]], [[66353, 77191, 'Cate_Blanchett', 3]], [[66353, 77192, 'Cate_Blanchett', 4]], [[66353, 77193, 'Cate_Blanchett', 7]], [[68371, 79238, 'Cate_Blanchett', 1]], [[68371, 79239, 'Cate_Blanchett', 3]], [[68371, 79240, 'Cate_Blanchett', 2]], [[68371, 79241, 'Cate_Blanchett', 7]], [[71774, 82777, 'Cate_Blanchett', 2]], [[71774, 82778, 'Cate_Blanchett', 7]], [[75028, 86249, 'Cate_Blanchett', 1]], [[75028, 86250, 'Cate_Blanchett', 2]], [[75028, 86251, 'Cate_Blanchett', 3]], [[75028, 86252, 'Cate_Blanchett', 4]], [[75028, 86253, 'Cate_Blanchett', 7]], [[77516, 88966, 'Cate_Blanchett', 2]], [[77516, 88967, 'Cate_Blanchett', 7]], [[80219, 92000, 'Cate_Blanchett', 7]], [[80219, 92001, 'Cate_Blanchett', 9]], [[84981, 97240, 'Cate_Blanchett', 7]], [[84981, 97241, 'Cate_Blanchett', 9]], [[84981, 97242, 'Cate_Blanchett', 8]], [[87188, 99707, 'Cate_Blanchett', 2]], [[91364, 104080, 'Cate_Blanchett', 2]], [[91364, 104081, 'Cate_Blanchett', 7]], [[91364, 104082, 'Cate_Blanchett', 1]], [[91364, 104083, 'Cate_Blanchett', 3]], [[91364, 104084, 'Cate_Blanchett', 4]], [[93750, 106691, 'Cate_Blanchett', 2]], [[93750, 106692, 'Cate_Blanchett', 7]], [[93750, 106693, 'Cate_Blanchett', 9]], [[99480, 112587, 'Cate_Blanchett', 2]], [[99480, 112588, 'Cate_Blanchett', 7]], [[113030, 126865, 'Cate_Blanchett', 1]], [[113030, 126866, 'Cate_Blanchett', 4]], [[113030, 126867, 'Cate_Blanchett', 3]], [[113030, 126868, 'Cate_Blanchett', 2]], [[126504, 140902, 'Cate_Blanchett', 7]], [[126504, 140903, 'Cate_Blanchett', 2]], [[139853, 154877, 'Cate_Blanchett', 1]], [[139853, 154878, 'Cate_Blanchett', 2]], [[139853, 154879, 'Cate_Blanchett', 3]], [[139853, 154880, 'Cate_Blanchett', 4]], [[139853, 154881, 'Cate_Blanchett', 7]], [[139853, 154882, 'Cate_Blanchett', 8]], [[139853, 154883, 'Cate_Blanchett', 9]], [[142722, 157873, 'Cate_Blanchett', 7]], [[157580, 172176, 'Cate_Blanchett', 1]], [[171391, 184854, 'Cate_Blanchett', 2]], [[210983, 218661, 'Cate_Blanchett', 1]], [[210983, 218662, 'Cate_Blanchett', 2]], [[210983, 218663, 'Cate_Blanchett', 3]], [[210983, 218664, 'Cate_Blanchett', 4]], [[210984, 218665, 'Cate_Blanchett', 1]], [[210984, 218666, 'Cate_Blanchett', 2]], [[210984, 218667, 'Cate_Blanchett', 3]], [[210984, 218668, 'Cate_Blanchett', 4]], [[219360, 225388, 'Cate_Blanchett', 2]], [[234359, 237258, 'Cate_Blanchett', 1]], [[234359, 237259, 'Cate_Blanchett', 2]], [[234359, 237260, 'Cate_Blanchett', 7]], [[269462, 265780, 'Cate_Blanchett', 1]], [[269462, 265781, 'Cate_Blanchett', 2]], [[269462, 265782, 'Cate_Blanchett', 3]], [[269462, 265783, 'Cate_Blanchett', 4]], [[269462, 265784, 'Cate_Blanchett', 7]], [[299566, 290963, 'Cate_Blanchett', 1]], [[299566, 290964, 'Cate_Blanchett', 2]], [[299566, 290965, 'Cate_Blanchett', 3]], [[299566, 290966, 'Cate_Blanchett', 4]], [[299566, 290967, 'Cate_Blanchett', 7]]]"
32291,VERIFIABLE,SUPPORTS,Slash was born in 1965.,"[[[92625, 105426, 'Slash_-LRB-musician-RRB-', 0]], [[95170, 108169, 'Slash_-LRB-musician-RRB-', 0]], [[97353, 110526, 'Slash_-LRB-musician-RRB-', 0]], [[306704, 297326, 'Slash_-LRB-musician-RRB-', 0]], [[307641, 298099, 'Slash_-LRB-musician-RRB-', 0]], [[307643, 298101, 'Slash_-LRB-musician-RRB-', 0]]]"
201428,VERIFIABLE,REFUTES,Drake is only German.,"[[[237073, 239381, 'Drake_-LRB-musician-RRB-', 0]]]"
117434,VERIFIABLE,SUPPORTS,R. Madhavan was a cast member of 3 Idiots.,"[[[137784, 152734, 'R._Madhavan', 13]]]"
215154,VERIFIABLE,SUPPORTS,James and the Giant Peach includes Richard Dreyfuss.,"[[[255501, 254950, 'James_and_the_Giant_Peach_-LRB-film-RRB-', 3]]]"
106152,VERIFIABLE,SUPPORTS,Ayn Rand condemned force.,"[[[327866, 315060, 'Ayn_Rand', 11]], [[327867, 315061, 'Ayn_Rand', 11]], [[327868, 315062, 'Ayn_Rand', 11]], [[327875, 315066, 'Ayn_Rand', 11]]]"
65929,VERIFIABLE,SUPPORTS,Anne Hathaway had a part in Ella Enchanted.,"[[[82493, 94272, 'Anne_Hathaway', 3]]]"
218817,VERIFIABLE,SUPPORTS,Oh Yeon-seo was born.,"[[[260143, 258596, 'Oh_Yeon-seo', 0]]]"
56121,VERIFIABLE,SUPPORTS,Ben Stiller was involved in the film industry in the 1990s.,"[[[175352, 188331, 'Ben_Stiller', 5], [175352, 188331, 'Reality_Bites', 0]], [[175352, 188332, 'Ben_Stiller', 6], [175352, 188332, 'The_Cable_Guy', 0]], [[176493, 189436, 'Ben_Stiller', 6], [176493, 189436, 'The_Cable_Guy', 0]], [[178275, 190851, 'Ben_Stiller', 6], [178275, 190851, 'The_Cable_Guy', 0]], [[178276, 190852, 'Ben_Stiller', 6], [178276, 190852, 'The_Cable_Guy', 0]], [[313141, 302808, 'Ben_Stiller', 5], [313141, 302808, 'Reality_Bites', 0]], [[313141, 302809, 'Ben_Stiller', 6], [313141, 302809, 'The_Cable_Guy', 0]], [[313141, 302810, 'Ben_Stiller', 10], [313141, 302810, 'Frat_Pack', 0]]]"
126476,VERIFIABLE,SUPPORTS,"The Los Angeles Lakers were nicknamed ""Showtime"" in the 1980s.","[[[148313, 163344, 'Los_Angeles_Lakers', 17]]]"
210516,VERIFIABLE,SUPPORTS,Slovenia is bordered by the Adriatic Sea.,"[[[249373, 249347, 'Slovenia', 1]]]"
42937,VERIFIABLE,REFUTES,Italy is officially called the big meatball.,"[[[59248, 69597, 'Italy', 0]]]"
160395,VERIFIABLE,REFUTES,Ron Cobb was only born in the year 1954.,"[[[184867, 196740, 'Ron_Cobb', 0]]]"
1323,VERIFIABLE,SUPPORTS,Just Dance was a song.,"[[[16970, 21031, 'Just_Dance_-LRB-song-RRB-', 1]], [[16970, 21032, 'Just_Dance_-LRB-song-RRB-', 3]], [[16970, 21033, 'Just_Dance_-LRB-song-RRB-', 7]], [[16970, 21034, 'Just_Dance_-LRB-song-RRB-', 8]], [[16970, 21035, 'Just_Dance_-LRB-song-RRB-', 13]], [[16970, 21036, 'Just_Dance_-LRB-song-RRB-', 16]]]"
108899,VERIFIABLE,SUPPORTS,Journey is a band.,"[[[279880, 274491, 'Journey_-LRB-band-RRB-', 0]], [[279880, 274492, 'Journey_-LRB-band-RRB-', 1]], [[279880, 274493, 'Journey_-LRB-band-RRB-', 2]], [[279899, 274505, 'Journey_-LRB-band-RRB-', 0]], [[279899, 274506, 'Journey_-LRB-band-RRB-', 1]], [[279899, 274507, 'Journey_-LRB-band-RRB-', 2]], [[279899, 274508, 'Journey_-LRB-band-RRB-', 3]], [[279899, 274509, 'Journey_-LRB-band-RRB-', 11]], [[279899, 274510, 'Journey_-LRB-band-RRB-', 16]], [[279899, 274511, 'Journey_-LRB-band-RRB-', 21]], [[281577, 275957, 'Journey_-LRB-band-RRB-', 0]], [[281591, 275967, 'Journey_-LRB-band-RRB-', 0]], [[281591, 275968, 'Journey_-LRB-band-RRB-', 1]], [[281591, 275969, 'Journey_-LRB-band-RRB-', 2]], [[281591, 275970, 'Journey_-LRB-band-RRB-', 3]], [[281591, 275971, 'Journey_-LRB-band-RRB-', 11]], [[328469, 315504, 'Journey_-LRB-band-RRB-', 0]]]"
222554,VERIFIABLE,SUPPORTS,Life Is Peachy was released by Epic Records.,"[[[265122, 262388, 'Life_Is_Peachy', 0]]]"
121300,VERIFIABLE,REFUTES,Sarah Silverman never wrote for a sketch comedy show.,"[[[142453, 157640, 'Sarah_Silverman', 5], [142453, 157640, 'Saturday_Night_Live', 0]], [[142458, 157643, 'Sarah_Silverman', 5], [142458, 157643, 'Saturday_Night_Live', 0]]]"
88540,VERIFIABLE,SUPPORTS,A mole is a structure.,"[[[105767, 119188, 'Mole_-LRB-architecture-RRB-', 0]]]"
39720,VERIFIABLE,SUPPORTS,Shahid Kapoor supports charities.,"[[[56013, 66114, 'Shahid_Kapoor', 20]]]"
81758,VERIFIABLE,REFUTES,Doctor Who was written by the Ancient Greeks.,"[[[98830, 111915, 'Doctor_Who_-LRB-series_10-RRB-', 1], [98830, 111915, 'Steven_Moffat', 0]], [[98830, 111916, 'Doctor_Who_-LRB-series_10-RRB-', 2]]]"
162276,VERIFIABLE,SUPPORTS,"L.A. Law ended on May 19, 1994.","[[[186817, 198593, 'L.A._Law', 0]]]"
26587,VERIFIABLE,SUPPORTS,Jerry Seinfeld specialized in observational comedy.,"[[[42742, 51380, 'Jerry_Seinfeld', 6]]]"
79512,VERIFIABLE,REFUTES,Marie Curie was naturalized-German.,"[[[96457, 109624, 'Marie_Curie', 0]]]"
66006,VERIFIABLE,SUPPORTS,Honey to the B was the first album of a singer and actress from England.,"[[[209639, 217426, 'Honey_to_the_B', 0], [209639, 217426, 'Billie_Piper', 0]], [[212182, 219781, 'Honey_to_the_B', 0], [212182, 219781, 'Billie_Piper', 0]], [[214796, 221789, 'Honey_to_the_B', 0], [214796, 221789, 'Billie_Piper', 0]], [[316145, 305353, 'Honey_to_the_B', 0], [316145, 305353, 'Billie_Piper', 0]], [[316970, 306072, 'Honey_to_the_B', 0], [316970, 306072, 'Billie_Piper', 0]], [[316978, 306078, 'Honey_to_the_B', 0], [316978, 306078, 'Billie_Piper', 0], [316978, 306078, 'Billie_Piper', 4], [316978, 306078, 'Billie_Piper', 7], [316978, 306078, 'Billie_Piper', 8], [316978, 306078, 'Billie_Piper', 9], [316978, 306078, 'Billie_Piper', 10]]]"
76104,VERIFIABLE,SUPPORTS,Will Ferrell is considered to be part of the Frat Pack.,"[[[92939, 105817, 'Will_Ferrell', 6]]]"
87183,VERIFIABLE,SUPPORTS,Donnie Wahlberg acts with Tom Selleck.,"[[[104338, 117769, 'Donnie_Wahlberg', 5]]]"
46354,VERIFIABLE,REFUTES,Rogue appears in Canadian comic books.,"[[[62708, 73365, 'Rogue_-LRB-comics-RRB-', 0]]]"
152230,VERIFIABLE,REFUTES,The German Shepherd is the second-most registered breed by the American Kennel Club and The Kennel Club UK.,"[[[176187, 189147, 'German_Shepherd', 6]]]"
32203,VERIFIABLE,SUPPORTS,Diego Costa was born in October.,"[[[48320, 57662, 'Diego_Costa', 0]]]"
52390,VERIFIABLE,SUPPORTS,Ocean's Eight is a sequel to the Ocean's Trilogy.,"[[[68697, 79548, ""Ocean's_Eight"", 1]]]"
58975,VERIFIABLE,SUPPORTS,The United Kingdom includes Scotland.,"[[[75367, 86628, 'United_Kingdom', 15]]]"
23544,VERIFIABLE,SUPPORTS,John Wick: Chapter 2 is a film.,"[[[39489, 47572, 'John_Wick-COLON-_Chapter_2', 0]]]"
89139,VERIFIABLE,SUPPORTS,Europe is the location of Andorra.,"[[[106361, 119797, 'Andorra', 0]], [[106361, 119798, 'Andorra', 5]]]"
175110,VERIFIABLE,SUPPORTS,Axl Rose has been named one of the greatest singers.,"[[[202539, 211783, 'Axl_Rose', 3]]]"
63855,VERIFIABLE,SUPPORTS,Steffi Graf won 5 consecutive majors.,"[[[80304, 92104, 'Steffi_Graf', 17]]]"
69908,VERIFIABLE,REFUTES,Jennifer Garner had a starring role in the film Catch Me if You Can.,"[[[86591, 99056, 'Jennifer_Garner', 6]]]"
18622,VERIFIABLE,SUPPORTS,Boromir is mentioned in the third and last volume of The Lord of the Rings.,"[[[48385, 57713, 'Boromir', 1], [48385, 57713, 'The_Return_of_the_King', 0]], [[51316, 61037, 'Boromir', 1], [51316, 61037, 'The_Return_of_the_King', 0]], [[54269, 64268, 'Boromir', 1]], [[302474, 293478, 'Boromir', 1]], [[304885, 295685, 'Boromir', 1], [304885, 295685, 'The_Return_of_the_King', 0]]]"
34021,VERIFIABLE,SUPPORTS,Paul Simon is an actor.,"[[[50130, 59657, 'Paul_Simon', 0]]]"
36972,VERIFIABLE,SUPPORTS,Game of Thrones (season 3) is a drama set in a fantasy world.,"[[[53174, 63140, 'Game_of_Thrones_-LRB-season_3-RRB-', 0], [53174, 63140, 'Game_of_Thrones', 0], [53174, 63140, 'Game_of_Thrones', 7]]]"
92805,VERIFIABLE,REFUTES,Taiwan's high-tech industry plays a key role in the local economy.,"[[[110114, 123743, 'Taiwan', 18]]]"
110250,VERIFIABLE,SUPPORTS,London has an elected official.,"[[[129375, 144128, 'London', 5], [129375, 144128, 'Mayor_of_London', 0]]]"
43055,VERIFIABLE,SUPPORTS,Bill Gates was the largest individual shareholder of Microsoft.,"[[[59364, 69741, 'Bill_Gates', 4]]]"
153057,VERIFIABLE,SUPPORTS,The phalanx may be deployed for killing.,"[[[177006, 189955, 'Phalanx', 2]]]"
199466,VERIFIABLE,SUPPORTS,Robbie Collin edited The Saint.,"[[[234562, 237408, 'Robbie_Collin', 3]]]"
129469,VERIFIABLE,REFUTES,Christianity failed to spread to Australasia.,"[[[151672, 166413, 'Christianity', 16]]]"
129303,VERIFIABLE,SUPPORTS,Feels So Good was written for the album Hot.,"[[[151404, 166188, 'Feels_So_Good_-LRB-Mel_B_song-RRB-', 1]]]"
32400,VERIFIABLE,SUPPORTS,Deadpool is not part of a film series.,"[[[48507, 57824, 'Deadpool_-LRB-film-RRB-', 1]]]"
214523,VERIFIABLE,SUPPORTS,Evolution was by someone born in May.,"[[[254688, 254314, 'Evolution_-LRB-Sabrina_Carpenter_album-RRB-', 0], [254688, 254314, 'Sabrina_Carpenter', 0]]]"
177452,VERIFIABLE,SUPPORTS,Kmart has stores in operation in an unincorporated and organized territory of the United States.,"[[[205657, 214162, 'Kmart', 9], [205657, 214162, 'Puerto_Rico', 0]]]"
118769,VERIFIABLE,SUPPORTS,"Ancient Algeria has known many empires and dynasties, including ancient Carthaginians.","[[[139423, 154468, 'Algeria', 8]]]"
108712,VERIFIABLE,SUPPORTS,Clint Eastwood has been in films.,"[[[127533, 142121, 'Clint_Eastwood', 5]]]"
84113,VERIFIABLE,SUPPORTS,Gorgeous Ladies of Wrestling is a wrestling promotion for women.,"[[[101143, 114397, 'Gorgeous_Ladies_of_Wrestling', 0]]]"
212783,VERIFIABLE,SUPPORTS,Gustave Eiffel made significant contributions to aerodynamics.,"[[[252371, 252166, 'Gustave_Eiffel', 3]]]"
90537,VERIFIABLE,SUPPORTS,Idris Elba has been nominated four times for a Golden Globe Award in acting.,"[[[275006, 270224, 'Idris_Elba', 2]], [[275008, 270226, 'Idris_Elba', 2]], [[277013, 272022, 'Idris_Elba', 2]], [[324076, 312155, 'Idris_Elba', 2]], [[324081, 312156, 'Idris_Elba', 2]]]"
189419,VERIFIABLE,REFUTES,Paul Rudd passed up the role he was offered in Role Models.,"[[[221255, 226902, 'Role_Models', 3]]]"
145709,VERIFIABLE,SUPPORTS,The Twelfth Doctor is capable of superhuman abilities.,"[[[169046, 182721, 'Twelfth_Doctor', 3]]]"
224899,VERIFIABLE,SUPPORTS,Happy Endings had Lisa Kudrow in it.,"[[[267975, 264610, 'Lisa_Kudrow', 11]]]"
15148,VERIFIABLE,SUPPORTS,Grace VanderWaal won the NBC TV competition show America's Got Talent.,"[[[30446, 37049, 'Grace_VanderWaal', 1]]]"
34222,VERIFIABLE,SUPPORTS,Jennifer Hudson has won a Grammy.,"[[[50340, 59930, 'Jennifer_Hudson', 12]], [[50340, 59931, 'Jennifer_Hudson', 15]]]"
102776,VERIFIABLE,SUPPORTS,Marie Antoinette died in 1793.,"[[[120656, 134904, 'Marie_Antoinette', 0]], [[120656, 134905, 'Marie_Antoinette', 17]]]"
15838,VERIFIABLE,SUPPORTS,The Uruguay national football team won two FIFA World Cups.,"[[[31236, 37944, 'Uruguay_national_football_team', 6]]]"
69940,VERIFIABLE,REFUTES,Overwatch is a board game.,"[[[86625, 99094, 'Overwatch_-LRB-video_game-RRB-', 0]]]"
77133,VERIFIABLE,SUPPORTS,The Sopranos is a televised show.,"[[[94029, 107001, 'The_Sopranos', 0]], [[94029, 107002, 'The_Sopranos', 19]], [[94029, 107003, 'The_Sopranos', 14]]]"
90594,VERIFIABLE,SUPPORTS,Babe Ruth was active in Major League Baseball from 1914-1935.,"[[[107917, 121403, 'Babe_Ruth', 0]]]"
19171,VERIFIABLE,SUPPORTS,Roger Federer plays a racket sport.,"[[[34943, 42361, 'Roger_Federer', 0], [34943, 42361, 'Tennis', 0]], [[34943, 42362, 'Roger_Federer', 1], [34943, 42362, 'Tennis', 0]]]"
160826,VERIFIABLE,SUPPORTS,La La Anthony was in November Rule and Destined.,"[[[185346, 197120, 'La_La_Anthony', 7]]]"
2584,VERIFIABLE,SUPPORTS,The United States Naval Academy is in Maryland.,"[[[18419, 22604, 'United_States_Naval_Academy', 0]]]"
161365,VERIFIABLE,REFUTES,"Tom Welling was born November 26, 1977.","[[[185911, 197694, 'Tom_Welling', 0]]]"
7068,VERIFIABLE,SUPPORTS,In the Heart of the Sea was released in cinemas.,"[[[23983, 29689, 'In_the_Heart_of_the_Sea_-LRB-film-RRB-', 5]]]"
195435,VERIFIABLE,SUPPORTS,Blues and rock music has been played by the band AC/DC.,"[[[229487, 233412, 'AC/DC', 1]]]"
188616,VERIFIABLE,REFUTES,Naruto is incapable of being a ninja.,"[[[220171, 226010, 'Naruto', 1]]]"
25772,VERIFIABLE,SUPPORTS,Marilyn Monroe is an actress.,"[[[41827, 50317, 'Marilyn_Monroe', 0]]]"
205627,VERIFIABLE,SUPPORTS,Wyatt Earp was a constable and he was American.,"[[[242966, 244219, 'Wyatt_Earp', 0], [242966, 244219, 'Wyatt_Earp', 5]], [[242973, 244227, 'Wyatt_Earp', 0], [242973, 244227, 'Wyatt_Earp', 5]], [[242973, 244228, 'Wyatt_Earp', 1], [242973, 244228, 'Wyatt_Earp', 0]]]"
194845,VERIFIABLE,SUPPORTS,Israel hosts a population of asylum seekers including illegal migrants from Sudan.,"[[[228349, 232550, 'Israel', 29]]]"
82099,VERIFIABLE,SUPPORTS,The American Broadcasting Company has a nickname.,"[[[99159, 112268, 'American_Broadcasting_Company', 6]]]"
92288,VERIFIABLE,REFUTES,Cindy McCain is married to a 2008 rugby champion.,"[[[109601, 123222, 'Cindy_McCain', 5]], [[109601, 123223, 'Cindy_McCain', 0]]]"
150383,VERIFIABLE,REFUTES,Leonardo DiCaprio is a fish.,"[[[175515, 188523, 'Leonardo_DiCaprio', 0]], [[175515, 188524, 'Leonardo_DiCaprio', 1]], [[175515, 188525, 'Leonardo_DiCaprio', 4]], [[175516, 188526, 'Leonardo_DiCaprio', 0]], [[175516, 188527, 'Leonardo_DiCaprio', 1]], [[175516, 188528, 'Leonardo_DiCaprio', 4]]]"
34843,VERIFIABLE,SUPPORTS,T-Pain is the founder of a record label imprint established in 2005.,"[[[51176, 60917, 'T-Pain', 8]]]"
155901,VERIFIABLE,SUPPORTS,Beyoncé was given a music award.,"[[[179964, 192503, 'Beyoncé', 16]], [[179964, 192504, 'Beyoncé', 15]]]"
46715,VERIFIABLE,REFUTES,Alan Ladd failed to become television producer.,"[[[63044, 73737, 'Alan_Ladd', 0]]]"
136742,VERIFIABLE,SUPPORTS,VHS was released in late 1976 in Japan.,"[[[159422, 173956, 'VHS', 1]]]"
37215,VERIFIABLE,REFUTES,Pixar was funded by an Indian industrial designer.,"[[[53416, 63414, 'Pixar', 1], [53416, 63414, 'Steve_Jobs', 0]]]"
32576,VERIFIABLE,SUPPORTS,"The Chernobyl disaster ultimately involved more than 500,000 workers.","[[[48660, 57976, 'Chernobyl_disaster', 17]]]"
57119,VERIFIABLE,REFUTES,Frédéric Auguste Bartholdi was a painter.,"[[[73459, 84703, 'Frédéric_Auguste_Bartholdi', 0]]]"
9172,VERIFIABLE,SUPPORTS,The Beatles were formed in London.,"[[[14739, 18347, 'The_Beatles', 0], [14739, 18347, 'Liverpool', 0]]]"
115166,VERIFIABLE,REFUTES,Kumail Nanjiani has declined to act in any movies.,"[[[135212, 150134, 'Kumail_Nanjiani', 7]]]"
162622,VERIFIABLE,SUPPORTS,Hacksaw Ridge made money.,"[[[187173, 198857, 'Hacksaw_Ridge', 5]]]"
213866,VERIFIABLE,SUPPORTS,"In 2010, Kick-Ass was released.","[[[253876, 253679, 'Kick-Ass_-LRB-film-RRB-', 0]], [[253876, 253680, 'Kick-Ass_-LRB-film-RRB-', 2]]]"
207508,VERIFIABLE,SUPPORTS,Harry Potter confronts someone in Harry Potter and the Deathly Hallows.,"[[[245416, 246234, 'Harry_Potter_and_the_Deathly_Hallows', 2]]]"
10616,VERIFIABLE,SUPPORTS,Sophie Turner appeared in movies in 2013.,"[[[25626, 31552, 'Sophie_Turner', 5]]]"
53702,VERIFIABLE,SUPPORTS,Farrah Fawcett was the subject of an NBC documentary.,"[[[70048, 80930, 'Farrah_Fawcett', 26]]]"
29436,VERIFIABLE,REFUTES,Tiger Woods has not competed in a golf tournament.,"[[[45578, 54428, 'Tiger_Woods', 5]], [[45578, 54429, 'Tiger_Woods', 6]], [[45578, 54430, 'Tiger_Woods', 15], [45578, 54430, 'Hero_World_Challenge', 0]], [[45578, 54431, 'Tiger_Woods', 16], [45578, 54431, 'Arnold_Palmer_Invitational', 0]], [[45578, 54432, 'Tiger_Woods', 26]], [[45578, 54433, 'Tiger_Woods', 27]], [[45578, 54434, 'Tiger_Woods', 28]], [[45578, 54435, 'Tiger_Woods', 29], [45578, 54435, 'Grand_Slam_-LRB-golf-RRB-', 0]], [[45578, 54436, 'Tiger_Woods', 30]], [[45578, 54437, 'Tiger_Woods', 31]]]"
45043,VERIFIABLE,SUPPORTS,Brian Eno was born in England.,"[[[61396, 71906, 'Brian_Eno', 6], [61396, 71906, 'Suffolk', 0]], [[61396, 71907, 'Brian_Eno', 0]]]"
132112,VERIFIABLE,REFUTES,Portugal does not share a border with Spain.,"[[[155748, 170388, 'Portugal', 4]], [[155748, 170389, 'Portugal', 5]], [[155748, 170390, 'Portugal', 32], [155748, 170390, 'Spain', 1]]]"
190270,VERIFIABLE,SUPPORTS,Steven Knight was born in 1959.,"[[[222350, 227703, 'Steven_Knight', 0]]]"
167600,VERIFIABLE,SUPPORTS,Suits is a show about lawyers.,"[[[192918, 203590, 'Suits_-LRB-TV_series-RRB-', 3]]]"
212764,VERIFIABLE,SUPPORTS,Tom Hanks has been granted at least three awards.,"[[[252345, 252148, 'Tom_Hanks', 8]], [[252359, 252157, 'Tom_Hanks', 8]], [[252359, 252158, 'Tom_Hanks', 6]]]"
49080,VERIFIABLE,REFUTES,Dwyane Wade was rejected for the All-Rookie team.,"[[[65420, 76305, 'Dwyane_Wade', 6]]]"
163315,VERIFIABLE,REFUTES,The Homesman features American actor John Lithgow.,"[[[187882, 199438, 'The_Homesman', 1]]]"
52784,VERIFIABLE,SUPPORTS,Star Wars' soundtrack was recorded in England.,"[[[69065, 79860, 'Star_Wars_-LRB-film-RRB-', 15]]]"
218651,VERIFIABLE,SUPPORTS,The cast of The Playboy Club includes Leah Renee.,"[[[259951, 258461, 'The_Playboy_Club', 2]]]"
63459,VERIFIABLE,SUPPORTS,The Portuguese Empire was an empire in world history.,"[[[79878, 91605, 'Portuguese_Empire', 0]]]"
158388,VERIFIABLE,SUPPORTS,Chris Froome's parents are people.,"[[[182650, 194841, 'Chris_Froome', 2]]]"
10387,VERIFIABLE,REFUTES,Shueisha is a publisher headquartered in Maine.,"[[[25359, 31276, 'Shueisha', 0]]]"
221765,VERIFIABLE,SUPPORTS,Friendship has been studied in academic disciplines like anthropology.,"[[[264089, 261642, 'Friendship', 2]]]"
35602,VERIFIABLE,SUPPORTS,Belgium is comprised of three regions.,"[[[51789, 61626, 'Belgium', 15]]]"
49536,VERIFIABLE,REFUTES,Apple Inc.'s consumer software lacks the iOS operating system.,"[[[65852, 76709, 'Apple_Inc.', 2]]]"
223566,VERIFIABLE,SUPPORTS,Kris Wu starred in a Chinese film called Journey to the West.,"[[[266325, 263355, 'Kris_Wu', 1]]]"
198302,VERIFIABLE,REFUTES,Super Metroid is a movie sequel.,"[[[233148, 236135, 'Super_Metroid', 0]], [[233148, 236136, 'Super_Metroid', 1]], [[233148, 236137, 'Super_Metroid', 2], [233148, 236137, 'Characters_in_the_Metroid_series', 0]], [[233148, 236138, 'Super_Metroid', 7]], [[233148, 236139, 'Super_Metroid', 8]], [[233148, 236140, 'Super_Metroid', 9]], [[233148, 236141, 'Super_Metroid', 13]], [[233148, 236142, 'Super_Metroid', 12]], [[233148, 236143, 'Super_Metroid', 15]], [[233148, 236144, 'Super_Metroid', 16]], [[233148, 236145, 'Super_Metroid', 14]], [[233148, 236146, 'Super_Metroid', 17]], [[233148, 236147, 'Super_Metroid', 18], [233148, 236147, 'Virtual_Console', 0]]]"
56063,VERIFIABLE,SUPPORTS,One America News Network is abbreviated as OANN.,"[[[72423, 83485, 'One_America_News_Network', 0]]]"
42579,VERIFIABLE,SUPPORTS,Jennifer Garner is a board member of Save the Children.,"[[[58874, 69193, 'Jennifer_Garner', 11]]]"
30922,VERIFIABLE,SUPPORTS,The Portuguese Empire existed during the Renaissance.,"[[[47065, 56165, 'Portuguese_Empire', 0]]]"
116583,VERIFIABLE,SUPPORTS,One actor is Scott Eastwood.,"[[[136958, 151787, 'Scott_Eastwood', 0]]]"
203903,VERIFIABLE,REFUTES,Tall Story is a romantic comedy club.,"[[[240685, 242266, 'Tall_Story', 0]]]"
105337,VERIFIABLE,REFUTES,X-Men: Days of Future Past is a novel based on X-Men characters in comics.,"[[[123663, 138076, 'X-Men-COLON-_Days_of_Future_Past', 0]]]"
8388,VERIFIABLE,SUPPORTS,Richard Eyre is a television director.,"[[[13623, 17042, 'Richard_Eyre', 0]], [[13624, 17043, 'Richard_Eyre', 0]], [[13632, 17052, 'Richard_Eyre', 0]]]"
164820,VERIFIABLE,REFUTES,Furious 7 began principal photography in the summer of 2013.,"[[[189563, 200821, 'Furious_7', 16]]]"
64508,VERIFIABLE,SUPPORTS,Prakash Jha is an actor.,"[[[80949, 92807, 'Prakash_Jha', 0]]]"
68716,VERIFIABLE,REFUTES,Splatoon 2 is the only game in its franchise.,"[[[85334, 97656, 'Splatoon_2', 1]]]"
109489,VERIFIABLE,SUPPORTS,Nepal was ruled by the Shah dynasty until 2008.,"[[[128430, 143140, 'Nepal', 25], [128430, 143140, 'Shah_dynasty', 0]]]"
192692,VERIFIABLE,REFUTES,The interior of Uranus is only composed of gas.,"[[[225443, 230090, 'Uranus', 6]]]"
83833,VERIFIABLE,SUPPORTS,Sriti Jha plays the lead role in a TV show.,"[[[268359, 264954, 'Sriti_Jha', 3]], [[270311, 266368, 'Sriti_Jha', 3]], [[271432, 267314, 'Sriti_Jha', 3]], [[321845, 310224, 'Sriti_Jha', 3]], [[323156, 311381, 'Sriti_Jha', 3]], [[323157, 311382, 'Sriti_Jha', 3]], [[323159, 311383, 'Sriti_Jha', 3]]]"
62642,VERIFIABLE,SUPPORTS,There is a film called Absolute Beginners.,"[[[79067, 90692, 'Absolute_Beginners_-LRB-film-RRB-', 0]]]"
122575,VERIFIABLE,REFUTES,Qatar borders London.,"[[[143942, 159027, 'Qatar', 1], [143942, 159027, 'London', 0]], [[143948, 159032, 'Qatar', 0], [143948, 159032, 'London', 0], [143948, 159032, 'England', 0], [143948, 159032, 'United_Kingdom', 0]]]"
47252,VERIFIABLE,SUPPORTS,The Amanda Show aired from 1999 to 2002.,"[[[63565, 74317, 'The_Amanda_Show', 0]]]"
121235,VERIFIABLE,REFUTES,Brock Lesnar is signed to a Japanese mixed martial arts promotion.,"[[[142345, 157545, 'Brock_Lesnar', 5]], [[142347, 157546, 'Brock_Lesnar', 5]], [[142349, 157547, 'Brock_Lesnar', 5]], [[142350, 157548, 'Brock_Lesnar', 16], [142350, 157548, 'Ultimate_Fighting_Championship', 0], [142350, 157548, 'Ultimate_Fighting_Championship', 1]]]"
191899,VERIFIABLE,SUPPORTS,The Hangover Part III includes Justin Bartha.,"[[[225732, 230333, 'The_Hangover_Part_III', 3]]]"
72797,VERIFIABLE,SUPPORTS,Lee Harvey Oswald assassinated the 35th President of the United States.,"[[[89521, 102211, 'Lee_Harvey_Oswald', 0], [89521, 102211, 'John_F._Kennedy', 0]]]"
122933,VERIFIABLE,REFUTES,In & Out is directed by James Cameron.,"[[[144384, 159404, 'In_&_Out_-LRB-film-RRB-', 0]]]"
144581,VERIFIABLE,SUPPORTS,Tom Felton is a person.,"[[[167840, 181611, 'Tom_Felton', 0]], [[167840, 181612, 'Tom_Felton', 4]]]"
39355,VERIFIABLE,SUPPORTS,Louis Tomlinson appeared in a TV drama.,"[[[55596, 65622, 'Louis_Tomlinson', 4], [55596, 65622, 'Fat_Friends', 0], [55596, 65622, 'ITV_-LRB-TV_network-RRB-', 0]], [[55596, 65623, 'Louis_Tomlinson', 5], [55596, 65623, 'If_I_Had_You_-LRB-TV_drama-RRB-', 0]]]"
17505,VERIFIABLE,SUPPORTS,Kalpana Raghavendar is an artist.,"[[[32965, 40062, 'Kalpana_Raghavendar', 0]]]"
114403,VERIFIABLE,REFUTES,Luke Evans had his Hollywood breakthrough role starring in a play.,"[[[134361, 149249, 'Luke_Evans_-LRB-actor-RRB-', 1], [134361, 149249, 'Clash_of_the_Titans_-LRB-2010_film-RRB-', 0]]]"
46625,VERIFIABLE,SUPPORTS,"Emily Ratajkowski was visible in the ""Blurred Lines"" music video.","[[[62949, 73636, 'Emily_Ratajkowski', 1]]]"
212087,VERIFIABLE,SUPPORTS,"10 Cloverfield Lane stars the actor John Gallagher, Jr.","[[[251361, 251237, '10_Cloverfield_Lane', 1]], [[251366, 251240, '10_Cloverfield_Lane', 1], [251366, 251240, 'John_Gallagher_Jr.', 0]], [[251369, 251242, '10_Cloverfield_Lane', 1]]]"
55895,VERIFIABLE,SUPPORTS,Chris Froome rides under a British license.,"[[[176170, 189135, 'Chris_Froome', 2]], [[313040, 302729, 'Chris_Froome', 0]], [[313884, 303367, 'Chris_Froome', 2]]]"
1726,VERIFIABLE,REFUTES,Olivia Munn failed to be credited as Lisa Munn.,"[[[17474, 21626, 'Olivia_Munn', 1]]]"
175355,VERIFIABLE,REFUTES,Batman is yet to be released.,"[[[202859, 212021, 'Batman_-LRB-1966_film-RRB-', 1]]]"
82348,VERIFIABLE,SUPPORTS,Marlon Brando is an actor who was in Mutiny on the Bounty.,"[[[99424, 112530, 'Marlon_Brando', 0]], [[99424, 112531, 'Marlon_Brando', 16]]]"
63561,VERIFIABLE,SUPPORTS,None of lung cancer's symptoms is chest pains.,"[[[79986, 91756, 'Lung_cancer', 4]]]"
144711,VERIFIABLE,SUPPORTS,Iran has 21 UNESCO World Heritage Sites.,"[[[292134, 284968, 'Iran', 36]], [[294140, 286492, 'Iran', 36]], [[294789, 286999, 'Iran', 36]], [[339223, 324251, 'Iran', 36]]]"
159486,VERIFIABLE,REFUTES,The Taj Mahal attracts significantly less than 7-8 million visitors a year.,"[[[183877, 195872, 'Taj_Mahal', 12]]]"
127145,VERIFIABLE,SUPPORTS,Lisbon is in Portugal.,"[[[148995, 164041, 'Lisbon', 0]]]"
66277,VERIFIABLE,SUPPORTS,Arya Stark is the daughter of Lady Catelyn Stark.,"[[[82844, 94698, 'Arya_Stark', 4]]]"
160184,VERIFIABLE,SUPPORTS,Selene serves as the central character in a film written by Danny McBride in 2001.,"[[[184655, 196524, 'Selene_-LRB-Underworld-RRB-', 1], [184655, 196524, 'Underworld_-LRB-2003_film-RRB-', 0]]]"
228921,VERIFIABLE,SUPPORTS,Pulp Fiction is an American black comedy neo-noir film released in 1994.,"[[[273140, 268702, 'Pulp_Fiction', 0]], [[273143, 268704, 'Pulp_Fiction', 0]]]"
189236,VERIFIABLE,SUPPORTS,Dan Aykroyd has received zero Academy Award nominations.,"[[[221029, 226759, 'Dan_Aykroyd', 4]], [[221030, 226760, 'Dan_Aykroyd', 4]]]"
81820,VERIFIABLE,SUPPORTS,Dhool was directed by Dharani.,"[[[98880, 111966, 'Dhool', 0]]]"
74077,VERIFIABLE,REFUTES,Watchmen was number 91 on The Comics Journals list of the top 100 comics of the 20th century that was published in 2001.,"[[[90848, 103543, 'Watchmen', 20], [90848, 103543, ""Time's_List_of_the_100_Best_Novels"", 4]]]"
18884,VERIFIABLE,SUPPORTS,Android has had prosperity.,"[[[34528, 41896, 'Android_-LRB-operating_system-RRB-', 9]], [[34528, 41897, 'Android_-LRB-operating_system-RRB-', 10]]]"
66130,VERIFIABLE,REFUTES,Saddam Hussein died in 1937.,"[[[82693, 94527, 'Saddam_Hussein', 0]], [[82693, 94528, 'Saddam_Hussein', 1]], [[82693, 94529, 'Saddam_Hussein', 4], [82693, 94529, 'Ahmed_Hassan_al-Bakr', 0]], [[82693, 94530, 'Saddam_Hussein', 5]], [[82693, 94531, 'Saddam_Hussein', 7]], [[82693, 94532, 'Saddam_Hussein', 11]], [[82693, 94533, 'Saddam_Hussein', 17]], [[82693, 94534, 'Saddam_Hussein', 19]], [[82693, 94535, 'Saddam_Hussein', 20]], [[82693, 94536, 'Saddam_Hussein', 21]]]"
208823,VERIFIABLE,SUPPORTS,Tim Rice has collaborated with someone.,"[[[247116, 247427, 'Tim_Rice', 1]], [[247117, 247428, 'Tim_Rice', 1]]]"
27871,VERIFIABLE,REFUTES,Hugo Weaving is in zero movies.,"[[[43996, 52629, 'Hugo_Weaving', 0]], [[43996, 52630, 'Hugo_Weaving', 1]], [[43996, 52631, 'Hugo_Weaving', 5]], [[43996, 52632, 'Hugo_Weaving', 6]], [[43996, 52633, 'Hugo_Weaving', 7]], [[43996, 52634, 'Hugo_Weaving', 10]]]"
101069,VERIFIABLE,SUPPORTS,Time Lords have time machines.,"[[[118832, 132681, 'Time_Lord', 8]]]"
74534,VERIFIABLE,REFUTES,Arsenic and Old Lace was released in 1964.,"[[[91313, 104022, 'Arsenic_and_Old_Lace_-LRB-film-RRB-', 0]], [[91313, 104023, 'Arsenic_and_Old_Lace_-LRB-film-RRB-', 2]]]"
65292,VERIFIABLE,SUPPORTS,The Catalyst is a rock song.,"[[[81833, 93599, 'The_Catalyst', 0]], [[81833, 93600, 'The_Catalyst', 1], [81833, 93600, 'A_Thousand_Suns', 14], [81833, 93600, 'A_Thousand_Suns', 15], [81833, 93600, 'A_Thousand_Suns', 0]], [[81833, 93601, 'The_Catalyst', 11]]]"
84759,VERIFIABLE,SUPPORTS,Indiana Jones has been portrayed by Corey Carrier.,"[[[101835, 115083, 'Indiana_Jones', 7]]]"
5573,VERIFIABLE,SUPPORTS,Umbrella is a single.,"[[[22237, 27356, 'Umbrella_-LRB-song-RRB-', 6]], [[22237, 27357, 'Umbrella_-LRB-song-RRB-', 16]], [[22237, 27358, 'Umbrella_-LRB-song-RRB-', 17]], [[22237, 27359, 'Umbrella_-LRB-song-RRB-', 20]]]"
17256,VERIFIABLE,SUPPORTS,Sandra Bullock stars in The Proposal.,"[[[32713, 39761, 'The_Proposal_-LRB-film-RRB-', 1]], [[32713, 39762, 'The_Proposal_-LRB-film-RRB-', 10]]]"
68371,VERIFIABLE,SUPPORTS,Martin Luther King Jr. worked on segregated housing in earnest.,"[[[84972, 97225, 'Martin_Luther_King_Jr.', 11]]]"
150233,VERIFIABLE,SUPPORTS,FC Barcelona was awarded five trophies.,"[[[174058, 187246, 'FC_Barcelona', 9]], [[174058, 187247, 'FC_Barcelona', 22]], [[174058, 187248, 'FC_Barcelona', 23]], [[174058, 187249, 'FC_Barcelona', 24]]]"
110045,VERIFIABLE,REFUTES,The Great Buck Howard was directed by Ingmar Bergman.,"[[[129136, 143921, 'The_Great_Buck_Howard', 0]]]"
123436,VERIFIABLE,SUPPORTS,John McEnroe is famous for his aggressive behavior on the court.,"[[[144943, 159953, 'John_McEnroe', 5]]]"
126425,VERIFIABLE,SUPPORTS,John Mayer's first EP was released while he was signed to Columbia Records.,"[[[148267, 163266, 'John_Mayer', 5]]]"
12131,VERIFIABLE,SUPPORTS,Dirty Diana is by Michael Jackson.,"[[[27340, 33511, 'Dirty_Diana', 0]], [[27340, 33512, 'Dirty_Diana', 4]]]"
90243,VERIFIABLE,SUPPORTS,American Gods' adaptation began airing.,"[[[274961, 270170, 'American_Gods', 20]], [[274962, 270171, 'American_Gods', 20]], [[274964, 270173, 'American_Gods', 20]], [[325394, 313069, 'American_Gods', 20], [325394, 313069, 'American_Gods', 0]]]"
8626,VERIFIABLE,SUPPORTS,Adrienne Bailon is an American actress.,"[[[14144, 17679, 'Adrienne_Bailon', 0]]]"
213015,VERIFIABLE,REFUTES,Marlon Brando was in any movie but Julius Caesar.,"[[[252663, 252415, 'Marlon_Brando', 11]]]"
179217,VERIFIABLE,SUPPORTS,Up All Night was released by Syco Records in 2011.,"[[[207912, 216097, 'Up_All_Night_-LRB-One_Direction_album-RRB-', 0]]]"
108559,VERIFIABLE,SUPPORTS,"Little Miss Sunshine was filmed over 30 days beginning on June 6, 2005.","[[[127365, 141910, 'Little_Miss_Sunshine', 3]]]"
178005,VERIFIABLE,SUPPORTS,IO Theater is a place where people train.,"[[[206346, 214715, 'IO_Theater', 0]]]"
63566,VERIFIABLE,SUPPORTS,Coke Boys Records was founded by an American Rapper.,"[[[79996, 91763, 'Coke_Boys_Records', 0]]]"
4627,VERIFIABLE,SUPPORTS,John McCain was a presidential nominee in 2008.,"[[[11393, 14339, 'John_McCain', 23], [11393, 14339, 'John_McCain_presidential_campaign,_2008', 0]]]"
98595,VERIFIABLE,SUPPORTS,Gia is a work.,"[[[116240, 130158, 'Gia', 0]]]"
51594,VERIFIABLE,REFUTES,21 Jump Street was released by Columbia Pictures in 2002.,"[[[67922, 78787, '21_Jump_Street_-LRB-film-RRB-', 0]]]"
125148,VERIFIABLE,SUPPORTS,Kuala Lumpur has the Petronas Twin Towers.,"[[[286337, 279797, 'Kuala_Lumpur', 14]], [[286338, 279798, 'Kuala_Lumpur', 14], [286338, 279798, 'Petronas_Towers', 0]], [[288072, 281338, 'Kuala_Lumpur', 14]], [[334407, 320476, 'Kuala_Lumpur', 14]], [[334739, 320712, 'Kuala_Lumpur', 14]], [[334742, 320715, 'Kuala_Lumpur', 14]]]"
128493,VERIFIABLE,SUPPORTS,"The television series Fargo has an anthology format, setting each season in a different era with a different story and cast.","[[[286695, 280154, 'Fargo_-LRB-TV_series-RRB-', 3]], [[288869, 282066, 'Fargo_-LRB-TV_series-RRB-', 3], [288869, 282066, 'Fargo_-LRB-TV_series-RRB-', 0]], [[290620, 283608, 'Fargo_-LRB-TV_series-RRB-', 3]], [[333676, 319886, 'Fargo_-LRB-TV_series-RRB-', 3]], [[334721, 320708, 'Fargo_-LRB-TV_series-RRB-', 3]]]"
101824,VERIFIABLE,SUPPORTS,An annual training camp is hosted by the Carolina Panthers.,"[[[119555, 133612, 'Carolina_Panthers', 19]]]"
210075,VERIFIABLE,REFUTES,Ronaldo Maczinski is Irish.,"[[[248834, 248899, 'Ronaldo_Maczinski', 0]]]"
227622,VERIFIABLE,SUPPORTS,Born This Way is a piece of music.,"[[[271490, 267353, 'Born_This_Way_-LRB-song-RRB-', 0]], [[271493, 267355, 'Born_This_Way_-LRB-song-RRB-', 0]]]"
31340,VERIFIABLE,SUPPORTS,"By 1997, Andre Agassi was number 141 in the world.","[[[89869, 102578, 'Andre_Agassi', 13]], [[91462, 104219, 'Andre_Agassi', 13]], [[93880, 106820, 'Andre_Agassi', 13]], [[306536, 297185, 'Andre_Agassi', 13]], [[306537, 297186, 'Andre_Agassi', 13]]]"
208505,VERIFIABLE,SUPPORTS,"Charles, Prince of Wales was a grandchild of a king.","[[[246712, 247177, 'Charles,_Prince_of_Wales', 5]]]"
124218,VERIFIABLE,SUPPORTS,Man of Steel is a superhero movie from 2013.,"[[[286215, 279713, 'Man_of_Steel_-LRB-film-RRB-', 0]], [[286215, 279714, 'Man_of_Steel_-LRB-film-RRB-', 16]], [[286222, 279719, 'Man_of_Steel_-LRB-film-RRB-', 0]], [[286222, 279720, 'Man_of_Steel_-LRB-film-RRB-', 16]], [[287956, 281237, 'Man_of_Steel_-LRB-film-RRB-', 0]], [[287963, 281244, 'Man_of_Steel_-LRB-film-RRB-', 16]], [[333009, 319229, 'Man_of_Steel_-LRB-film-RRB-', 0]]]"
36415,VERIFIABLE,SUPPORTS,Kate Beckinsale was directed by James Ivory.,"[[[52611, 62570, 'Kate_Beckinsale', 2], [52611, 62570, 'The_Golden_Bowl_-LRB-film-RRB-', 0]]]"
2758,VERIFIABLE,SUPPORTS,Shakira is a performer.,"[[[18624, 22845, 'Shakira', 0]], [[18624, 22846, 'Shakira', 6], [18624, 22846, 'Laundry_Service', 0]], [[18624, 22847, 'Shakira', 2], [18624, 22847, 'Peligro_-LRB-Shakira_album-RRB-', 0]], [[18624, 22848, 'Shakira', 9], [18624, 22848, 'Sale_el_Sol', 0]], [[18624, 22849, 'Shakira', 13], [18624, 22849, 'Shakira_-LRB-album-RRB-', 0]]]"
70098,VERIFIABLE,REFUTES,Michael Schumacher is a professional writer,"[[[86765, 99225, 'Michael_Schumacher', 0]]]"
85626,VERIFIABLE,REFUTES,Bridget Moynahan was cut from Lord of War.,"[[[102796, 116091, 'Bridget_Moynahan', 8]]]"
94303,VERIFIABLE,SUPPORTS,There is a mosque in the Taj Mahal.,"[[[111736, 125555, 'Taj_Mahal', 2]]]"
3596,VERIFIABLE,REFUTES,Cry Freedom wasn't shot in Kenya.,"[[[19766, 24298, 'Cry_Freedom', 7]]]"
50469,VERIFIABLE,SUPPORTS,"In the United States presidential election of 1972, Richard Nixon was a candidate.","[[[66825, 77649, 'Richard_Nixon', 21]]]"
140657,VERIFIABLE,SUPPORTS,There is a cultural attraction called the Museum of Science and Industry.,"[[[291644, 284545, 'Museum_of_Science_and_Industry_-LRB-Chicago-RRB-', 8]], [[293763, 286193, 'Museum_of_Science_and_Industry_-LRB-Chicago-RRB-', 8]], [[338422, 323596, 'Museum_of_Science_and_Industry_-LRB-Chicago-RRB-', 0]]]"
155153,VERIFIABLE,SUPPORTS,Carrie Fisher wrote a book.,"[[[179214, 191751, 'Carrie_Fisher', 4]]]"
97805,VERIFIABLE,REFUTES,Anil Kapoor has never been a producer.,"[[[115434, 129281, 'Anil_Kapoor', 0]], [[115434, 129282, 'Anil_Kapoor', 1]]]"
16925,VERIFIABLE,SUPPORTS,Adolf Hitler encouraged settler colonialism.,"[[[32373, 39341, 'Adolf_Hitler', 19], [32373, 39341, 'Lebensraum', 0]]]"
102397,VERIFIABLE,SUPPORTS,Before Night Falls is a film.,"[[[120225, 134413, 'Before_Night_Falls_-LRB-film-RRB-', 0]], [[120225, 134414, 'Before_Night_Falls_-LRB-film-RRB-', 2]], [[120225, 134415, 'Before_Night_Falls_-LRB-film-RRB-', 3]]]"
84546,VERIFIABLE,SUPPORTS,An example of a Christmas comedy film is Home Alone.,"[[[101596, 114830, 'Home_Alone', 0]]]"
127854,VERIFIABLE,SUPPORTS,Steven Price (composer) worked on the film Gravity.,"[[[149821, 164750, 'Steven_Price_-LRB-composer-RRB-', 0]]]"
20181,VERIFIABLE,SUPPORTS,The 1991 NBA Finals had the Lakers in it.,"[[[36004, 43545, '1991_NBA_Finals', 8]], [[36004, 43546, '1991_NBA_Finals', 14]], [[36004, 43547, '1991_NBA_Finals', 17]]]"
104100,VERIFIABLE,SUPPORTS,Google has been the second most valuable brand in the world for 4 blue years.,"[[[122217, 136499, 'Google', 22]]]"
10895,VERIFIABLE,SUPPORTS,Instagram is a photo-sharing application.,"[[[26092, 32090, 'Instagram', 0]]]"
183071,VERIFIABLE,SUPPORTS,Snooki & Jwoww was renewed by at least one channel.,"[[[213078, 220435, 'Snooki_&_Jwoww', 9], [213078, 220435, 'MTV', 0]]]"
131166,VERIFIABLE,SUPPORTS,The Eagles broke up in 1980.,"[[[153460, 168280, 'Eagles_-LRB-band-RRB-', 25]]]"
19584,VERIFIABLE,SUPPORTS,Black Widow is Russian.,"[[[35369, 42869, 'Black_Widow_-LRB-Natasha_Romanova-RRB-', 0]]]"
122914,VERIFIABLE,SUPPORTS,Portugal is the 5th most peaceful country in the world and it also features a high-income advanced economy and the 18th highest social progress in the world.,"[[[144342, 159367, 'Portugal', 31], [144342, 159367, 'Portugal', 30], [144342, 159367, 'Portugal', 32]]]"
3083,VERIFIABLE,SUPPORTS,A temperate seasonal climate influences Berlin.,"[[[19001, 23293, 'Berlin', 3]]]"
7849,VERIFIABLE,SUPPORTS,Twitter had about 1.6 billion search queries per day in 2012.,"[[[24159, 29888, 'Twitter', 8]]]"
56940,VERIFIABLE,SUPPORTS,Ramadan is the ninth calendar month in Islam.,"[[[73266, 84478, 'Ramadan', 1]]]"
227606,VERIFIABLE,SUPPORTS,The self-empowerment of the LGBT community is discussed in Born This Way.,"[[[271461, 267334, 'Born_This_Way_-LRB-song-RRB-', 7]]]"
43619,VERIFIABLE,SUPPORTS,Mao Zedong lived until 1976.,"[[[59932, 70333, 'Mao_Zedong', 0]], [[59932, 70334, 'Mao_Zedong', 16]]]"
191936,VERIFIABLE,SUPPORTS,"The Hangover Part III includes Bradley Cooper, Ed Helms, Zach Galifianakis, Justin Bartha, and Ken Jeong, Jeffrey Tambor, Heather Graham, Mike Epps, Melissa McCarthy and John Goodman.","[[[224487, 229328, 'The_Hangover_Part_III', 4], [224487, 229328, 'The_Hangover_Part_III', 3]]]"
9622,VERIFIABLE,REFUTES,Steven Tyler was active in the early 1980s.,"[[[24424, 30208, 'Steven_Tyler', 7]]]"
161995,VERIFIABLE,REFUTES,Wikipedia has articles in only english.,"[[[186518, 198314, 'Wikipedia', 9]]]"
56637,VERIFIABLE,REFUTES,Ellyse Perry is a man.,"[[[177153, 190046, 'Ellyse_Perry', 0]], [[179444, 192009, 'Ellyse_Perry', 0]], [[179444, 192010, 'Ellyse_Perry', 1]], [[179444, 192011, 'Ellyse_Perry', 5]], [[179444, 192012, 'Ellyse_Perry', 6]], [[179444, 192013, 'Ellyse_Perry', 7]], [[179444, 192014, 'Ellyse_Perry', 11]], [[179444, 192015, 'Ellyse_Perry', 12]], [[179444, 192016, 'Ellyse_Perry', 16]], [[179444, 192017, 'Ellyse_Perry', 17]], [[179444, 192018, 'Ellyse_Perry', 18], [179444, 192018, ""2010_ICC_Women's_World_Twenty20"", 0]], [[179444, 192019, 'Ellyse_Perry', 21], [179444, 192019, ""2008_AFC_Women's_Asian_Cup"", 0]], [[179444, 192020, 'Ellyse_Perry', 22]], [[179444, 192021, 'Ellyse_Perry', 23]], [[179444, 192022, 'Ellyse_Perry', 15], [179444, 192022, 'New_South_Wales_Breakers', 0]], [[179444, 192023, 'Ellyse_Perry', 10], [179444, 192023, 'New_South_Wales_Breakers', 0]], [[181061, 193352, 'Ellyse_Perry', 0]], [[181061, 193353, 'Ellyse_Perry', 1]], [[181061, 193354, 'Ellyse_Perry', 5]], [[181061, 193355, 'Ellyse_Perry', 6]], [[181061, 193356, 'Ellyse_Perry', 7]], [[181061, 193357, 'Ellyse_Perry', 11]], [[181061, 193358, 'Ellyse_Perry', 12]], [[181061, 193359, 'Ellyse_Perry', 16]], [[181061, 193360, 'Ellyse_Perry', 22]], [[181061, 193361, 'Ellyse_Perry', 23]], [[313325, 302965, 'Ellyse_Perry', 0]], [[313325, 302966, 'Ellyse_Perry', 1]], [[313325, 302967, 'Ellyse_Perry', 5]], [[314023, 303489, 'Ellyse_Perry', 0]], [[314023, 303490, 'Ellyse_Perry', 1]], [[314023, 303491, 'Ellyse_Perry', 5]], [[314023, 303492, 'Ellyse_Perry', 6]], [[314023, 303493, 'Ellyse_Perry', 7]], [[314023, 303494, 'Ellyse_Perry', 11]], [[314023, 303495, 'Ellyse_Perry', 12]], [[314023, 303496, 'Ellyse_Perry', 16]], [[314023, 303497, 'Ellyse_Perry', 17]], [[314023, 303498, 'Ellyse_Perry', 18], [314023, 303498, ""2010_ICC_Women's_World_Twenty20"", 0]], [[314023, 303499, 'Ellyse_Perry', 15], [314023, 303499, 'New_South_Wales_Breakers', 0]], [[314023, 303500, 'Ellyse_Perry', 21], [314023, 303500, ""2008_AFC_Women's_Asian_Cup"", 0]], [[314023, 303501, 'Ellyse_Perry', 22]], [[314023, 303502, 'Ellyse_Perry', 23]]]"
138032,VERIFIABLE,REFUTES,American Idiot has not had five successful singles.,"[[[160796, 175310, 'American_Idiot', 17]], [[160799, 175313, 'American_Idiot', 17]]]"
205521,VERIFIABLE,REFUTES,Wyatt Earp was an actor.,"[[[242843, 244095, 'Wyatt_Earp', 0]]]"
86567,VERIFIABLE,REFUTES,Toronto is the least populous city in Canada.,"[[[103715, 117181, 'Toronto', 0], [103715, 117181, 'Ontario', 3]]]"
33233,VERIFIABLE,SUPPORTS,Paul is Steve Jobs' middle name.,"[[[49316, 58661, 'Steve_Jobs', 0]]]"
202341,VERIFIABLE,SUPPORTS,Destiny was released for the console Playstation 4.,"[[[238376, 240418, 'Destiny_-LRB-video_game-RRB-', 1]]]"
143990,VERIFIABLE,SUPPORTS,Heather Graham played the title character in the series Emily's Reasons Why Not in 2010.,"[[[167124, 180958, 'Heather_Graham', 7]]]"
224086,VERIFIABLE,SUPPORTS,Battle Studies World Tour was a global tour.,"[[[266958, 263775, 'Battle_Studies_World_Tour', 0]]]"
39837,VERIFIABLE,SUPPORTS,Samuel L. Jackson was in the M. Night Shyamalan film Unbreakable.,"[[[56151, 66311, 'Samuel_L._Jackson', 2]]]"
40337,VERIFIABLE,REFUTES,Singapore is south of Indonesia.,"[[[56632, 66845, 'Singapore', 1]]]"
49312,VERIFIABLE,SUPPORTS,Jennifer Hudson was a finalist of American Idol.,"[[[65628, 76502, 'Jennifer_Hudson', 1]]]"
93954,VERIFIABLE,REFUTES,Hong Kong is incapable of being consistently ranked as the world's most freest economic entity.,"[[[111352, 124985, 'Hong_Kong', 15]]]"
106357,VERIFIABLE,SUPPORTS,Manchester City F.C. was bought by the Abu Dhabi United Group.,"[[[124850, 139192, 'Manchester_City_F.C.', 7]]]"
2829,VERIFIABLE,SUPPORTS,Unapologetic is a work.,"[[[18673, 22912, 'Unapologetic', 0]], [[18673, 22913, 'Unapologetic', 4]]]"
86667,VERIFIABLE,REFUTES,Andre Agassi is a golfer.,"[[[103813, 117318, 'Andre_Agassi', 0]], [[103813, 117319, 'Andre_Agassi', 1]]]"
26911,VERIFIABLE,SUPPORTS,Liverpool F.C. was managed by Bill Shankly.,"[[[43048, 51691, 'Liverpool_F.C.', 7], [43048, 51691, 'Bill_Shankly', 0]]]"
25834,VERIFIABLE,REFUTES,Bangladesh is a founding member of nationalism.,"[[[41832, 50324, 'Bangladesh', 40]]]"
167936,VERIFIABLE,SUPPORTS,Jon Pertwee took part in Worzel Gummidge.,"[[[193337, 203882, 'Jon_Pertwee', 5]]]"
22649,VERIFIABLE,SUPPORTS,Lee Child was born on October 29.,"[[[38496, 46449, 'Lee_Child', 0]]]"
82056,VERIFIABLE,REFUTES,Tequila is incapable of being made in Mexico.,"[[[99122, 112233, 'Tequila', 0]], [[99122, 112234, 'Tequila', 11]]]"
216929,VERIFIABLE,SUPPORTS,Michael Phelps holds three long course world records for swimming.,"[[[257755, 256725, 'Michael_Phelps', 7]]]"
150426,VERIFIABLE,REFUTES,Donald Glover never released an album.,"[[[174254, 187471, 'Donald_Glover', 11]], [[174254, 187472, 'Donald_Glover', 12]], [[174254, 187473, 'Donald_Glover', 13]], [[174254, 187474, 'Donald_Glover', 15], [174254, 187474, 'Donald_Glover', 16]]]"
11888,VERIFIABLE,REFUTES,FC Barcelona was ranked second in the IFFHS Club World Ranking for 2015.,"[[[27101, 33213, 'FC_Barcelona', 11]]]"
224586,VERIFIABLE,SUPPORTS,Courteney Cox appeared on a show created by David Crane and Marta Kauffman.,"[[[267625, 264297, 'Courteney_Cox', 1], [267625, 264297, 'Friends', 0]]]"
24896,VERIFIABLE,SUPPORTS,Chris Pine appeared in a 2012 American romantic comedy spy film.,"[[[40839, 49113, 'Chris_Pine', 2], [40839, 49113, 'This_Means_War_-LRB-film-RRB-', 0]]]"
50863,VERIFIABLE,REFUTES,Ratatouille was directed by one person.,"[[[67203, 78004, 'Ratatouille_-LRB-film-RRB-', 1]]]"
92830,VERIFIABLE,SUPPORTS,Kurt Angle won a gold medal in freestyle wrestling at the 1995 World Wrestling Championships.,"[[[110143, 123773, 'Kurt_Angle', 3]]]"
202243,VERIFIABLE,REFUTES,Iron Fist was created by Damon Lindelof.,"[[[238238, 240335, 'Iron_Fist_-LRB-TV_series-RRB-', 0]]]"
204502,VERIFIABLE,REFUTES,Dangerous Beauty is a 1990 film.,"[[[241480, 243002, 'Dangerous_Beauty', 0]]]"
97595,VERIFIABLE,SUPPORTS,The Avengers (2012 film) features Chris Evans.,"[[[115204, 129008, 'The_Avengers_-LRB-2012_film-RRB-', 2]], [[115204, 129009, 'The_Avengers_-LRB-2012_film-RRB-', 3], [115204, 129009, 'Captain_America', 14]]]"
219423,VERIFIABLE,REFUTES,Jerry Goldsmith failed to collaborate with anybody during his career.,"[[[261063, 259317, 'Jerry_Goldsmith', 4]]]"
68244,VERIFIABLE,SUPPORTS,"Charles, Prince of Wales sponsors The Prince's Charities.","[[[84846, 97068, 'Charles,_Prince_of_Wales', 16]]]"
217718,VERIFIABLE,SUPPORTS,Grizz Chapman was on 30 Rock.,"[[[258772, 257518, '30_Rock', 8]], [[258775, 257522, '30_Rock', 8]]]"
109175,VERIFIABLE,SUPPORTS,Nicki Minaj is a person.,"[[[130033, 144748, 'Nicki_Minaj', 0]], [[130033, 144749, 'Nicki_Minaj', 2]], [[130033, 144750, 'Nicki_Minaj', 5]], [[130033, 144751, 'Nicki_Minaj', 6]], [[130033, 144752, 'Nicki_Minaj', 9]], [[130033, 144753, 'Nicki_Minaj', 12]], [[130033, 144754, 'Nicki_Minaj', 16]]]"
220314,VERIFIABLE,SUPPORTS,Margaret of Valois was imprisoned.,"[[[262196, 260233, 'Margaret_of_Valois', 13]]]"
217055,VERIFIABLE,SUPPORTS,The Dayton Agreement was formally signed in Paris in 1995.,"[[[257893, 256831, 'Dayton_Agreement', 0]], [[257902, 256836, 'Dayton_Agreement', 0]]]"
187906,VERIFIABLE,SUPPORTS,"As the World Turns went away and an American talk show debuted on October 18, 2010 in its place.","[[[219265, 225311, 'As_the_World_Turns', 23]]]"
96523,VERIFIABLE,SUPPORTS,Princess Agents is a novel adaptation.,"[[[114843, 128576, 'Princess_Agents', 0]]]"
34108,VERIFIABLE,REFUTES,The Vampire Diaries only aired two seasons.,"[[[99647, 112780, 'The_Vampire_Diaries', 1]], [[101800, 115042, 'The_Vampire_Diaries', 1]], [[101800, 115043, 'The_Vampire_Diaries', 14]], [[101800, 115044, 'The_Vampire_Diaries', 13]], [[101800, 115045, 'The_Vampire_Diaries', 16]], [[101800, 115046, 'The_Vampire_Diaries', 15]], [[102843, 116132, 'The_Vampire_Diaries', 1]], [[102843, 116133, 'The_Vampire_Diaries', 13]], [[102843, 116134, 'The_Vampire_Diaries', 14]], [[102843, 116135, 'The_Vampire_Diaries', 15]], [[102843, 116136, 'The_Vampire_Diaries', 16]], [[306951, 297516, 'The_Vampire_Diaries', 1]], [[306953, 297518, 'The_Vampire_Diaries', 1]], [[306953, 297519, 'The_Vampire_Diaries', 13]], [[306953, 297520, 'The_Vampire_Diaries', 14]], [[306953, 297521, 'The_Vampire_Diaries', 15]], [[306953, 297522, 'The_Vampire_Diaries', 16]], [[306960, 297526, 'The_Vampire_Diaries', 13]], [[306960, 297527, 'The_Vampire_Diaries', 14], [306960, 297527, 'The_Vampire_Diaries', 13]], [[306960, 297528, 'The_Vampire_Diaries', 15], [306960, 297528, 'The_Vampire_Diaries', 13]], [[306960, 297529, 'The_Vampire_Diaries', 16]]]"
80728,VERIFIABLE,REFUTES,The Ten Commandments is reviewed by Cecil B. DeMille.,"[[[97726, 110885, 'The_Ten_Commandments_-LRB-1956_film-RRB-', 0]]]"
99416,VERIFIABLE,SUPPORTS,The Bends was released in the 1990's.,"[[[117059, 130947, 'The_Bends', 0]]]"
109991,VERIFIABLE,REFUTES,Alandi is only a city.,"[[[129055, 143829, 'Alandi', 0]]]"
158880,VERIFIABLE,SUPPORTS,A singer in Got a Girl starred in Final Destination 3.,"[[[183190, 195283, 'Got_a_Girl', 0], [183190, 195283, 'Mary_Elizabeth_Winstead', 0]]]"
224546,VERIFIABLE,SUPPORTS,Peggy Sue Got Married was directed by an American director.,"[[[267572, 264247, 'Peggy_Sue_Got_Married', 0]], [[267573, 264248, 'Peggy_Sue_Got_Married', 0], [267573, 264248, 'Francis_Ford_Coppola', 0]], [[267576, 264251, 'Peggy_Sue_Got_Married', 0], [267576, 264251, 'Francis_Ford_Coppola', 0]]]"
189389,VERIFIABLE,SUPPORTS,Role Models is a film.,"[[[221220, 226876, 'Role_Models', 0]]]"
99491,VERIFIABLE,SUPPORTS,Gerald Ford was the United States president after Richard Nixon.,"[[[117147, 131047, 'Gerald_Ford', 0]], [[117147, 131048, 'Gerald_Ford', 1], [117147, 131048, 'Spiro_Agnew', 21]]]"
224484,VERIFIABLE,SUPPORTS,Will Ferrell worked on a film.,"[[[267449, 264148, 'Will_Ferrell', 1]], [[267449, 264149, 'Will_Ferrell', 3]], [[267449, 264150, 'Will_Ferrell', 7]], [[267450, 264151, 'Will_Ferrell', 1]], [[267450, 264152, 'Will_Ferrell', 3]], [[267450, 264153, 'Will_Ferrell', 7]]]"
16333,VERIFIABLE,REFUTES,Marshall McLuhan predicted his own death.,"[[[31726, 38478, 'Marshall_McLuhan', 5]]]"
107175,VERIFIABLE,SUPPORTS,Walt Disney founded a company.,"[[[125805, 140214, 'Walt_Disney', 26]], [[125805, 140215, 'Walt_Disney', 9], [125805, 140215, 'The_Walt_Disney_Company', 0]]]"
126127,VERIFIABLE,SUPPORTS,Brock Lesnar won against Randy Couture.,"[[[147956, 162962, 'Brock_Lesnar', 18]]]"
117933,VERIFIABLE,REFUTES,Guam was employed by America.,"[[[138388, 153430, 'Guam', 1]], [[138388, 153431, 'Guam', 0]]]"
209400,VERIFIABLE,SUPPORTS,Sweden is a Scandinavian country.,"[[[247895, 248189, 'Sweden', 0]]]"
103455,VERIFIABLE,SUPPORTS,One of Future's studio albums was published in 2017.,"[[[121456, 135746, 'Future_-LRB-rapper-RRB-', 8], [121456, 135746, 'Future_-LRB-Future_album-RRB-', 0]]]"
115556,VERIFIABLE,SUPPORTS,David Dhawan is a director of films.,"[[[135645, 150503, 'David_Dhawan', 0]]]"
31756,VERIFIABLE,REFUTES,This Sporting Life was directed by a director born in 1919.,"[[[47890, 57177, 'This_Sporting_Life', 6], [47890, 57177, 'Lindsay_Anderson', 0]]]"
199112,VERIFIABLE,SUPPORTS,"International Relations includes technology and engineering, economics, communication studies, history, international law, demography, philosophy, geography, social work, sociology, anthropology, criminology, psychology, gender studies, cultural studies, culturology, and diplomacy, globalization, diplomatic relations, state sovereignty, international security, ecological sustainability, nuclear proliferation, nationalism, economic development, global finance, as well as terrorism and organized crime, human security, foreign interventionism, and human rights, as well, as, more recently, comparative religion.","[[[234107, 236996, 'International_relations', 10]], [[234107, 236997, 'International_relations', 9]]]"
176978,VERIFIABLE,SUPPORTS,Underworld's main character is a supernatural creature.,"[[[205090, 213716, 'Underworld_-LRB-2003_film-RRB-', 3]]]"
57356,VERIFIABLE,SUPPORTS,Avenged Sevenfold released an album.,"[[[73696, 84941, 'Avenged_Sevenfold', 6]], [[73696, 84942, 'Avenged_Sevenfold', 8]], [[73696, 84943, 'Avenged_Sevenfold', 10]], [[73696, 84944, 'Avenged_Sevenfold', 11], [73696, 84944, 'Hail_to_the_King_-LRB-Avenged_Sevenfold_album-RRB-', 0]], [[73696, 84945, 'Avenged_Sevenfold', 13]], [[73696, 84946, 'Avenged_Sevenfold', 14]], [[73696, 84947, 'Avenged_Sevenfold', 17]]]"
18732,VERIFIABLE,SUPPORTS,Brock Lesnar defeated someone.,"[[[34350, 41670, 'Brock_Lesnar', 18]]]"
16192,VERIFIABLE,SUPPORTS,Three Days of the Condor includes a Swedish actor.,"[[[31594, 38341, 'Three_Days_of_the_Condor', 0], [31594, 38341, 'Max_von_Sydow', 0]]]"
83172,VERIFIABLE,SUPPORTS,Tyra Banks presented America's Got Talent.,"[[[100219, 113465, 'Tyra_Banks', 15], [100219, 113465, ""America's_Got_Talent_-LRB-season_12-RRB-"", 2]]]"
130853,VERIFIABLE,REFUTES,Romelu Lukaku is a golfer.,"[[[153109, 167853, 'Romelu_Lukaku', 0]]]"
177219,VERIFIABLE,SUPPORTS,Toy Story is a movie of the buddy comedy adventure genres.,"[[[205392, 213986, 'Toy_Story', 0]]]"
95713,VERIFIABLE,REFUTES,Al Capone was not prosecuted for tax evasion.,"[[[113224, 127113, 'Al_Capone', 17]]]"
225111,VERIFIABLE,SUPPORTS,Chet Atkins produced records for Dolly Parton.,"[[[268252, 264871, 'Chet_Atkins', 8]]]"
148510,VERIFIABLE,SUPPORTS,Trevor Baxter went to college at Dulwich College.,"[[[172155, 185541, 'Trevor_Baxter', 1]]]"
193156,VERIFIABLE,REFUTES,A Song of Ice and Fire is part of an American book series called A Game of Thrones.,"[[[226153, 230730, 'A_Song_of_Ice_and_Fire', 0], [226153, 230730, 'A_Song_of_Ice_and_Fire', 1]]]"
23451,VERIFIABLE,SUPPORTS,Many voice actors act in Timon & Pumbaa.,"[[[63370, 74118, 'Timon_&_Pumbaa_-LRB-TV_series-RRB-', 9]], [[65250, 76121, 'Timon_&_Pumbaa_-LRB-TV_series-RRB-', 9]]]"
134550,VERIFIABLE,SUPPORTS,Jeff Bridges played a role in an American Revisionist Western film.,"[[[157099, 171654, 'Jeff_Bridges', 2], [157099, 171654, 'True_Grit_-LRB-2010_film-RRB-', 0]]]"
133516,VERIFIABLE,SUPPORTS,Zach Galifianakis starred in a film.,"[[[156064, 170702, 'Zach_Galifianakis', 2]]]"
20436,VERIFIABLE,SUPPORTS,Nigeria is one of the countries in the Next Eleven.,"[[[53487, 63493, 'Nigeria', 27], [53487, 63493, 'Next_Eleven', 0]], [[56831, 67061, 'Nigeria', 27]], [[59755, 70164, 'Nigeria', 27]], [[302907, 293890, 'Nigeria', 27]], [[305089, 295916, 'Nigeria', 27]]]"
33719,VERIFIABLE,SUPPORTS,Angela Lansbury got significant recognition for her acting performance in The Manchurian Candidate.,"[[[49821, 59281, 'Angela_Lansbury', 8]], [[49835, 59300, 'Angela_Lansbury', 8]]]"
57514,VERIFIABLE,SUPPORTS,Murray was played by Keegan-Michael Key in Hotel Transylvania 2.,"[[[73844, 85078, 'Hotel_Transylvania_2', 11]]]"
91689,VERIFIABLE,SUPPORTS,Born Naked is an album.,"[[[109020, 122726, 'Born_Naked', 0]]]"
181708,VERIFIABLE,SUPPORTS,Rock music incorporated music genres like a type of blues music distinguished by the use of electric amplification for musical instruments known as electric blues.,"[[[211047, 218726, 'Rock_music', 2], [211047, 218726, 'Electric_blues', 0]], [[211048, 218727, 'Rock_music', 2], [211048, 218727, 'Electric_blues', 0]]]"
93129,VERIFIABLE,SUPPORTS,Reba McEntire sang on radio shows.,"[[[110477, 124097, 'Reba_McEntire', 1]], [[110479, 124099, 'Reba_McEntire', 1]]]"
85395,VERIFIABLE,SUPPORTS,The Constitution of Medina was written by Muhammad.,"[[[102565, 115835, 'Muhammad', 23], [102565, 115835, 'Constitution_of_Medina', 0]]]"
209517,VERIFIABLE,SUPPORTS,Sleep can be disrupted by medical conditions.,"[[[248057, 248318, 'Sleep', 13]]]"
113457,VERIFIABLE,SUPPORTS,Frank is by a person.,"[[[133082, 147958, 'Frank_-LRB-Amy_Winehouse_album-RRB-', 0]]]"
215375,VERIFIABLE,SUPPORTS,A German-American fashion model starred in The Host.,"[[[255840, 255183, 'The_Host_-LRB-2013_film-RRB-', 3], [255840, 255183, 'Diane_Kruger', 0]]]"
32012,VERIFIABLE,SUPPORTS,Robert Redford guest starred on Perry Mason.,"[[[48137, 57476, 'Robert_Redford', 4]]]"
114839,VERIFIABLE,REFUTES,Katie Stevens is Australian.,"[[[134827, 149733, 'Katie_Stevens', 0]]]"
41510,VERIFIABLE,SUPPORTS,Haiti is a member of the World Trade Organization.,"[[[57797, 68042, 'Haiti', 27]]]"
70144,VERIFIABLE,SUPPORTS,Anne Hathaway debuted in the Fox television series Get Real.,"[[[86807, 99262, 'Anne_Hathaway', 2]]]"
151146,VERIFIABLE,REFUTES,Twitter has more than one office.,"[[[174970, 188063, 'Twitter', 3]]]"
92325,VERIFIABLE,SUPPORTS,Venus Williams has won a tournament.,"[[[109638, 123261, 'Venus_Williams', 18]], [[109638, 123262, 'Venus_Williams', 33]]]"
203423,VERIFIABLE,SUPPORTS,Red is inspired by a comic book series.,"[[[239966, 241647, 'Red_-LRB-2010_film-RRB-', 0]]]"
108926,VERIFIABLE,SUPPORTS,J. Cole is a hip hop recording artist.,"[[[129842, 144556, 'J._Cole', 0]]]"
218621,VERIFIABLE,SUPPORTS,The cast of The Playboy Club includes David Krumholtz.,"[[[259914, 258431, 'The_Playboy_Club', 2]]]"
72131,VERIFIABLE,SUPPORTS,Portugal maintains a unitary semi-presidential republican form of government which means that the president exists alongside the prime minister and the cabinet and the central government is supreme.,"[[[90251, 103012, 'Portugal', 31], [90251, 103012, 'Semi-presidential_system', 0]]]"
62807,VERIFIABLE,REFUTES,Randy Orton is a squid.,"[[[79250, 90895, 'Randy_Orton', 5]], [[79250, 90896, 'Randy_Orton', 4]], [[79250, 90897, 'Randy_Orton', 1]], [[79250, 90898, 'Randy_Orton', 0]], [[79250, 90899, 'Randy_Orton', 25]], [[79250, 90900, 'Randy_Orton', 24]], [[79250, 90901, 'Randy_Orton', 21]], [[79250, 90902, 'Randy_Orton', 20]], [[79250, 90903, 'Randy_Orton', 19]], [[79250, 90904, 'Randy_Orton', 18]], [[79250, 90905, 'Randy_Orton', 17]], [[79250, 90906, 'Randy_Orton', 16]], [[79250, 90907, 'Randy_Orton', 15]], [[79250, 90908, 'Randy_Orton', 14]], [[79250, 90909, 'Randy_Orton', 13]], [[79250, 90910, 'Randy_Orton', 12]], [[79250, 90911, 'Randy_Orton', 11]], [[79250, 90912, 'Randy_Orton', 8]], [[79250, 90913, 'Randy_Orton', 7]], [[79250, 90914, 'Randy_Orton', 6]]]"
56104,VERIFIABLE,SUPPORTS,Rainn Wilson graduated in the 80s.,"[[[72462, 83514, 'Rainn_Wilson', 4]]]"
16293,VERIFIABLE,SUPPORTS,Zeus is the child of Cronus and Rhea.,"[[[31682, 38421, 'Zeus', 5]]]"
119559,VERIFIABLE,SUPPORTS,Matt Kuchar is a professional golf player.,"[[[140500, 155570, 'Matt_Kuchar', 0]]]"
19909,VERIFIABLE,REFUTES,Burundi is only populated by Tutsis.,"[[[35707, 43255, 'Burundi', 6]], [[35707, 43256, 'Burundi', 29]]]"
210895,VERIFIABLE,SUPPORTS,Foo Fighters was created by a name reported by aircraft pilots.,"[[[249851, 249885, 'Foo_Fighters', 2]]]"
174460,VERIFIABLE,SUPPORTS,Nickelodeon has weekday programs.,"[[[201650, 211061, 'Nickelodeon', 1]], [[201653, 211063, 'Nickelodeon', 1]]]"
17148,VERIFIABLE,SUPPORTS,Arrested Development won six Primetime Emmy Awards.,"[[[32593, 39618, 'Arrested_Development_-LRB-TV_series-RRB-', 9]]]"
84085,VERIFIABLE,SUPPORTS,Jim Carrey has worked with director Don Scardino.,"[[[101129, 114381, 'Jim_Carrey', 13], [101129, 114381, 'The_Incredible_Burt_Wonderstone', 0], [101129, 114381, 'The_Incredible_Burt_Wonderstone', 1]]]"
7612,VERIFIABLE,SUPPORTS,Eminem only performs alone.,"[[[12362, 15458, 'Eminem', 16]]]"
19056,VERIFIABLE,SUPPORTS,David Thewlis has performed.,"[[[34830, 42246, 'David_Thewlis', 2]]]"
73411,VERIFIABLE,SUPPORTS,"In 1968, Led Zeppelin formed.","[[[90175, 102869, 'Led_Zeppelin', 0]]]"
4576,VERIFIABLE,SUPPORTS,Dwyane Wade played for Chicago.,"[[[20901, 25633, 'Dwyane_Wade', 0]], [[20901, 25634, 'Dwyane_Wade', 11]]]"
138145,VERIFIABLE,SUPPORTS,Champion was based off of a Ring Lardner story.,"[[[160925, 175395, 'Champion_-LRB-1949_film-RRB-', 0]]]"
226777,VERIFIABLE,SUPPORTS,My Bloody Valentine 3D's editor was Patrick Lussier.,"[[[270398, 266446, 'My_Bloody_Valentine_3D', 2]]]"
25133,VERIFIABLE,SUPPORTS,Dwight Schrute was based on Gareth Keenan.,"[[[41077, 49396, 'Dwight_Schrute', 0]]]"
202863,VERIFIABLE,SUPPORTS,Beasts of the Southern Wild was nominated for an award.,"[[[239108, 241045, 'Beasts_of_the_Southern_Wild', 5]]]"
19740,VERIFIABLE,SUPPORTS,Transformers (film) is based on a toy line created by Hasbro.,"[[[35535, 43058, 'Transformers_-LRB-film-RRB-', 0]]]"
76388,VERIFIABLE,SUPPORTS,Laura Prepon portrayed Donna Pinciotti in That '70s Show.,"[[[93255, 106194, 'Laura_Prepon', 1]]]"
71097,VERIFIABLE,REFUTES,Charles Dickens was not English.,"[[[87759, 100269, 'Charles_Dickens', 0]], [[87759, 100270, 'Charles_Dickens', 6], [87759, 100270, 'Portsmouth', 0]]]"
9715,VERIFIABLE,REFUTES,Michael Fassbender was in the NBC miniseries Band of Brothers.,"[[[24541, 30319, 'Michael_Fassbender', 1]]]"
122128,VERIFIABLE,SUPPORTS,Keeping Up with the Joneses had a budget.,"[[[143483, 158588, 'Keeping_Up_with_the_Joneses_-LRB-film-RRB-', 2]]]"
123352,VERIFIABLE,SUPPORTS,RenderMan was developed by Pixar.,"[[[144859, 159862, 'Pixar', 3]]]"
163299,VERIFIABLE,SUPPORTS,The Homesman features at least one American actor.,"[[[187852, 199416, 'The_Homesman', 1]]]"
54144,VERIFIABLE,SUPPORTS,Peter Cetera was an artist.,"[[[70455, 81323, 'Peter_Cetera', 0]], [[70455, 81324, 'Peter_Cetera', 1]]]"
31116,VERIFIABLE,SUPPORTS,Heartbreak Ridge was filmed in Technicolor.,"[[[47252, 56375, 'Heartbreak_Ridge', 0]]]"
179907,VERIFIABLE,SUPPORTS,Cape Fear features a cameo from Robert Mitchum and it is directed by Martin Scorsese.,"[[[208834, 216807, 'Cape_Fear_-LRB-1991_film-RRB-', 0], [208834, 216807, 'Cape_Fear_-LRB-1991_film-RRB-', 1]]]"
174247,VERIFIABLE,SUPPORTS,Oliver Reed was in a movie.,"[[[201378, 210834, 'Oliver_Reed', 1], [201378, 210834, 'The_Trap_-LRB-1966_film-RRB-', 1]], [[201378, 210835, 'Oliver_Reed', 2], [201378, 210835, 'Castaway_-LRB-film-RRB-', 0]], [[201378, 210836, 'Oliver_Reed', 3], [201378, 210836, 'Gladiator_-LRB-2000_film-RRB-', 1]]]"
30321,VERIFIABLE,SUPPORTS,Maggie Smith is an actress.,"[[[46432, 55401, 'Maggie_Smith', 0]]]"
57566,VERIFIABLE,SUPPORTS,Jackie Robinson died in the seventies.,"[[[73893, 85126, 'Jackie_Robinson', 0]], [[73893, 85127, 'Jackie_Robinson', 19]]]"
83442,VERIFIABLE,REFUTES,Eric Trump's father's birthday is June 14.,"[[[100490, 113790, 'Eric_Trump', 1], [100490, 113790, 'Donald_Trump', 0]]]"
77263,VERIFIABLE,REFUTES,Ethiopia is a state.,"[[[94302, 107299, 'Ethiopia', 0]]]"
144977,VERIFIABLE,SUPPORTS,"On February 18, 1949, Gary Ridgway was born.","[[[168273, 182022, 'Gary_Ridgway', 0]]]"
129052,VERIFIABLE,SUPPORTS,Eva Longoria has starred in Harsh Times.,"[[[151123, 165940, 'Eva_Longoria', 3]]]"
65855,VERIFIABLE,SUPPORTS,Angela Lansbury was born to a family that was upper-middle-class.,"[[[82434, 94214, 'Angela_Lansbury', 4]]]"
165325,VERIFIABLE,SUPPORTS,The World Science Festival is produced by the World Science Foundation.,"[[[190100, 201213, 'World_Science_Festival', 0]]]"
98326,VERIFIABLE,SUPPORTS,XXx: Return of Xander Cage has the writer F. Scott Frazier.,"[[[115964, 129849, 'XXx-COLON-_Return_of_Xander_Cage', 0]], [[115966, 129851, 'XXx-COLON-_Return_of_Xander_Cage', 0]]]"
10627,VERIFIABLE,SUPPORTS,Kid Rock is an artist.,"[[[21350, 26216, 'Kid_Rock', 0]], [[21350, 26217, 'Kid_Rock', 7]], [[23004, 28348, 'Kid_Rock', 0]], [[24119, 29849, 'Kid_Rock', 0]], [[301538, 292638, 'Kid_Rock', 0]], [[301538, 292639, 'Kid_Rock', 7]], [[301538, 292640, 'Kid_Rock', 8]], [[301538, 292641, 'Kid_Rock', 9]], [[301538, 292642, 'Kid_Rock', 12]], [[301538, 292643, 'Kid_Rock', 13]], [[301538, 292644, 'Kid_Rock', 14]], [[301538, 292645, 'Kid_Rock', 15]], [[301538, 292646, 'Kid_Rock', 16]], [[301538, 292647, 'Kid_Rock', 19]], [[301538, 292648, 'Kid_Rock', 21]], [[301538, 292649, 'Kid_Rock', 1]], [[301538, 292650, 'Kid_Rock', 2]], [[301538, 292651, 'Kid_Rock', 3]], [[301538, 292652, 'Kid_Rock', 4]], [[304187, 295032, 'Kid_Rock', 0]], [[304521, 295339, 'Kid_Rock', 0]]]"
15894,VERIFIABLE,SUPPORTS,Hillary Clinton was employed in the Obama administration.,"[[[31291, 38009, 'Hillary_Clinton', 17]], [[31293, 38011, 'Hillary_Clinton', 17]]]"
168732,VERIFIABLE,SUPPORTS,The Ten Commandments (1956 film) is a 1956 American movie.,"[[[194365, 204757, 'The_Ten_Commandments_-LRB-1956_film-RRB-', 0]]]"
88192,VERIFIABLE,SUPPORTS,Kangana Ranaut was alive.,"[[[274500, 269784, 'Kangana_Ranaut', 0]], [[274521, 269802, 'Kangana_Ranaut', 0]], [[274521, 269803, 'Kangana_Ranaut', 1]], [[274521, 269804, 'Kangana_Ranaut', 2]], [[274521, 269805, 'Kangana_Ranaut', 3]], [[274521, 269806, 'Kangana_Ranaut', 6]], [[274521, 269807, 'Kangana_Ranaut', 7]], [[274521, 269808, 'Kangana_Ranaut', 8]], [[274521, 269809, 'Kangana_Ranaut', 9], [274521, 269809, 'Kangana_Ranaut', 11]], [[274521, 269810, 'Kangana_Ranaut', 12]], [[274521, 269811, 'Kangana_Ranaut', 15]], [[274521, 269812, 'Kangana_Ranaut', 16]], [[274521, 269813, 'Kangana_Ranaut', 17]], [[274521, 269814, 'Kangana_Ranaut', 18]], [[322667, 310952, 'Kangana_Ranaut', 0]], [[322667, 310953, 'Kangana_Ranaut', 1]], [[322667, 310954, 'Kangana_Ranaut', 2]], [[322667, 310955, 'Kangana_Ranaut', 3]], [[322667, 310956, 'Kangana_Ranaut', 6]], [[322667, 310957, 'Kangana_Ranaut', 7]], [[322667, 310958, 'Kangana_Ranaut', 8]], [[322667, 310959, 'Kangana_Ranaut', 9]], [[322667, 310960, 'Kangana_Ranaut', 12]], [[322667, 310961, 'Kangana_Ranaut', 15]], [[322667, 310962, 'Kangana_Ranaut', 16]], [[322667, 310963, 'Kangana_Ranaut', 17]], [[322667, 310964, 'Kangana_Ranaut', 18]], [[323652, 311858, 'Kangana_Ranaut', 0]], [[323652, 311859, 'Kangana_Ranaut', 1]], [[323652, 311860, 'Kangana_Ranaut', 2]], [[323652, 311861, 'Kangana_Ranaut', 3]], [[323652, 311862, 'Kangana_Ranaut', 6]], [[323652, 311863, 'Kangana_Ranaut', 7]], [[323659, 311867, 'Kangana_Ranaut', 0]], [[323659, 311868, 'Kangana_Ranaut', 6]], [[323662, 311871, 'Kangana_Ranaut', 0]], [[323662, 311872, 'Kangana_Ranaut', 1]], [[323662, 311873, 'Kangana_Ranaut', 2]], [[323662, 311874, 'Kangana_Ranaut', 3]], [[323662, 311875, 'Kangana_Ranaut', 6]], [[323662, 311876, 'Kangana_Ranaut', 7]], [[323662, 311877, 'Kangana_Ranaut', 8]], [[323662, 311878, 'Kangana_Ranaut', 9]], [[323662, 311879, 'Kangana_Ranaut', 12]], [[323662, 311880, 'Kangana_Ranaut', 15]], [[323662, 311881, 'Kangana_Ranaut', 16]], [[323662, 311882, 'Kangana_Ranaut', 17]], [[323662, 311883, 'Kangana_Ranaut', 18]], [[323671, 311894, 'Kangana_Ranaut', 0]], [[323671, 311895, 'Kangana_Ranaut', 1]], [[323671, 311896, 'Kangana_Ranaut', 2]], [[323671, 311897, 'Kangana_Ranaut', 3]], [[323671, 311898, 'Kangana_Ranaut', 6]], [[323671, 311899, 'Kangana_Ranaut', 7]], [[323671, 311900, 'Kangana_Ranaut', 8]], [[323671, 311901, 'Kangana_Ranaut', 9]], [[323671, 311902, 'Kangana_Ranaut', 11], [323671, 311902, 'Fashion_-LRB-2008_film-RRB-', 7]], [[323671, 311903, 'Kangana_Ranaut', 12]], [[323671, 311904, 'Kangana_Ranaut', 15]], [[323671, 311905, 'Kangana_Ranaut', 16]], [[323671, 311906, 'Kangana_Ranaut', 17]], [[323671, 311907, 'Kangana_Ranaut', 18]]]"
212952,VERIFIABLE,SUPPORTS,Marlon Brando took part in a film adapted from the work of a writer of more than 40 books.,"[[[252595, 252351, 'Marlon_Brando', 11], [252595, 252351, 'James_A._Michener', 0]], [[252603, 252361, 'Marlon_Brando', 11], [252603, 252361, 'James_A._Michener', 0]]]"
9431,VERIFIABLE,SUPPORTS,Ringo Starr replaced Pete Best.,"[[[15131, 18813, 'Ringo_Starr', 12]]]"
5399,VERIFIABLE,SUPPORTS,Oscar Robertson is American.,"[[[21788, 26785, 'Oscar_Robertson', 0]]]"
50103,VERIFIABLE,SUPPORTS,Wyoming is the least populous state in the United States.,"[[[66422, 77264, 'Wyoming', 1]]]"
187138,VERIFIABLE,REFUTES,Heartland has no nationality.,"[[[218342, 224659, 'Heartland_-LRB-Canadian_TV_series-RRB-', 0]]]"
186201,VERIFIABLE,REFUTES,Following was only directed by Martin Scorsese.,"[[[217148, 223790, 'Following', 0]]]"
93914,VERIFIABLE,SUPPORTS,Jacinda Barrett is a person.,"[[[111298, 124921, 'Jacinda_Barrett', 0]], [[111300, 124923, 'Jacinda_Barrett', 0]], [[111300, 124924, 'Jacinda_Barrett', 3]]]"
221008,VERIFIABLE,SUPPORTS,Ubisoft created Assassin's Creed.,"[[[263121, 260888, ""Assassin's_Creed"", 0]]]"
207922,VERIFIABLE,SUPPORTS,Edgar Award honors the best in TV.,"[[[245982, 246615, 'Edgar_Award', 1]]]"
54699,VERIFIABLE,SUPPORTS,Lewis Hamilton is a race car driver.,"[[[71068, 81965, 'Lewis_Hamilton', 0]], [[71068, 81966, 'Lewis_Hamilton', 1]], [[71068, 81967, 'Lewis_Hamilton', 2], [71068, 81967, '2008_Formula_One_season', 0]], [[71068, 81968, 'Lewis_Hamilton', 23], [71068, 81968, '2016_Brazilian_Grand_Prix', 0]], [[71068, 81969, 'Lewis_Hamilton', 22]], [[71068, 81970, 'Lewis_Hamilton', 21]], [[71068, 81971, 'Lewis_Hamilton', 20]], [[71068, 81972, 'Lewis_Hamilton', 18]], [[71068, 81973, 'Lewis_Hamilton', 17], [71068, 81973, '2014_Formula_One_season', 0]], [[71068, 81974, 'Lewis_Hamilton', 16], [71068, 81974, '2008_Formula_One_season', 0]], [[71068, 81975, 'Lewis_Hamilton', 15]], [[71068, 81976, 'Lewis_Hamilton', 11]], [[71068, 81977, 'Lewis_Hamilton', 8]], [[71068, 81978, 'Lewis_Hamilton', 7]], [[71068, 81979, 'Lewis_Hamilton', 6]]]"
80123,VERIFIABLE,SUPPORTS,Girls' Generation features Taeyeon.,"[[[97083, 110253, ""Girls'_Generation"", 1]]]"
29511,VERIFIABLE,REFUTES,Pirates of the Caribbean is set in a fictional future setting.,"[[[45637, 54497, 'Pirates_of_the_Caribbean_-LRB-film_series-RRB-', 8]]]"
170581,VERIFIABLE,REFUTES,Ad-Rock is single.,"[[[196816, 206895, 'Ad-Rock', 2]]]"
52094,VERIFIABLE,SUPPORTS,Gianluigi Buffon has been named Serie A Goalkeeper of the Year.,"[[[68402, 79269, 'Gianluigi_Buffon', 24]]]"
41702,VERIFIABLE,SUPPORTS,Rhona Mitra writes songs.,"[[[57989, 68222, 'Rhona_Mitra', 0]]]"
158225,VERIFIABLE,SUPPORTS,Steven Soderbergh directed a biographical film and received acclaim.,"[[[182489, 194727, 'Steven_Soderbergh', 5], [182489, 194727, 'Steven_Soderbergh', 1]]]"
46947,VERIFIABLE,SUPPORTS,Dragon is taken from a linguistic system indigenous to sections of the Eastern Mediterranean.,"[[[63275, 74002, 'Dragon', 12], [63275, 74002, 'Greek_language', 0]]]"
18362,VERIFIABLE,SUPPORTS,"Following a stroke, Lauren Bacall died.","[[[48114, 57452, 'Lauren_Bacall', 11]], [[51066, 60795, 'Lauren_Bacall', 11]], [[53893, 63880, 'Lauren_Bacall', 11]], [[302382, 293403, 'Lauren_Bacall', 11]], [[304857, 295667, 'Lauren_Bacall', 11]]]"
65095,VERIFIABLE,REFUTES,"Led Zeppelin II was only released in Japan on October 31, 1969.","[[[81657, 93438, 'Led_Zeppelin_II', 0]]]"
214641,VERIFIABLE,SUPPORTS,Brian Helgeland won an award.,"[[[255784, 255150, 'Brian_Helgeland', 1]]]"
60966,VERIFIABLE,SUPPORTS,De Profundis was written during an imprisonment.,"[[[190226, 201307, 'De_Profundis_-LRB-letter-RRB-', 0]], [[193287, 203849, 'De_Profundis_-LRB-letter-RRB-', 0]], [[196193, 206338, 'De_Profundis_-LRB-letter-RRB-', 0]], [[196193, 206339, 'De_Profundis_-LRB-letter-RRB-', 9]], [[315016, 304296, 'De_Profundis_-LRB-letter-RRB-', 0]], [[316414, 305622, 'De_Profundis_-LRB-letter-RRB-', 0]], [[316414, 305623, 'De_Profundis_-LRB-letter-RRB-', 9]]]"
63178,VERIFIABLE,SUPPORTS,Planet of the Apes' director was Franklin J. Schaffner.,"[[[79585, 91329, 'Planet_of_the_Apes_-LRB-1968_film-RRB-', 0]]]"
20832,VERIFIABLE,SUPPORTS,Radioactive has won a Grammy.,"[[[36619, 44247, 'Radioactive_-LRB-Imagine_Dragons_song-RRB-', 12]]]"
151921,VERIFIABLE,REFUTES,The hero of the Odyssey is Harry Potter.,"[[[175863, 188834, 'Odyssey', 6]]]"
135666,VERIFIABLE,SUPPORTS,Houston economy is incapable of having a base in energy.,"[[[159532, 174047, 'Houston', 11]]]"
50340,VERIFIABLE,SUPPORTS,Nice & Slow was released after 1990.,"[[[66702, 77524, 'Nice_&_Slow', 0]]]"
57350,VERIFIABLE,SUPPORTS,Lewis Hamilton is a racecar driver in F1.,"[[[73713, 84959, 'Lewis_Hamilton', 0]], [[73713, 84960, 'Lewis_Hamilton', 7]], [[73713, 84961, 'Lewis_Hamilton', 8]], [[73713, 84962, 'Lewis_Hamilton', 22]]]"
151320,VERIFIABLE,REFUTES,Ben Stiller did not direct or star in the film Zoolander.,"[[[175168, 188196, 'Ben_Stiller', 6], [175168, 188196, 'Zoolander', 0]]]"
137689,VERIFIABLE,SUPPORTS,Nicole Scherzinger made progress towards the eventual creation of a clothing brand.,"[[[160438, 174957, 'Nicole_Scherzinger', 15]]]"
51927,VERIFIABLE,REFUTES,Turkey ended accession negotiations with the European Union.,"[[[68263, 79147, 'Turkey', 30]]]"
40760,VERIFIABLE,SUPPORTS,Selena Gomez starred in the 2013 film Spring Breakers.,"[[[57061, 67291, 'Selena_Gomez', 9], [57061, 67291, 'Spring_Breakers', 1]]]"
44237,VERIFIABLE,SUPPORTS,One of the leads in Transformers: Age of Extinction is an American rapper.,"[[[60636, 71056, 'Transformers-COLON-_Age_of_Extinction', 3], [60636, 71056, 'Mark_Wahlberg', 0]]]"
137593,VERIFIABLE,SUPPORTS,Emilio Estevez acts.,"[[[160347, 174872, 'Emilio_Estevez', 0]], [[160347, 174873, 'Emilio_Estevez', 1]]]"
196121,VERIFIABLE,REFUTES,The Gheg of southern Austria form the oldest continuous ethnic Albanian diaspora.,"[[[230437, 234120, 'Albanians', 17]]]"
64064,VERIFIABLE,SUPPORTS,Mauritius has high political freedom.,"[[[80514, 92361, 'Mauritius', 17]]]"
138061,VERIFIABLE,SUPPORTS,Star vs. the Forces of Evil is an American animated series produced by Disney Television Animation.,"[[[160834, 175331, 'Star_vs._the_Forces_of_Evil', 0]]]"
61902,VERIFIABLE,REFUTES,"Before the year 2000, The Ren & Stimpy Show was created.","[[[78385, 89918, 'The_Ren_&_Stimpy_Show', 2]], [[78385, 89919, 'The_Ren_&_Stimpy_Show', 5]], [[78385, 89920, 'The_Ren_&_Stimpy_Show', 0], [78385, 89920, 'John_Kricfalusi', 3]]]"
50150,VERIFIABLE,SUPPORTS,Krysten Ritter was on 'Til Death.,"[[[66462, 77302, 'Krysten_Ritter', 3]]]"
143707,VERIFIABLE,SUPPORTS,The Incredible Hulk is the second episode in a series.,"[[[166844, 180648, 'The_Incredible_Hulk_-LRB-film-RRB-', 1]]]"
113848,VERIFIABLE,SUPPORTS,A Perfect Circle was formed in a year.,"[[[133744, 148624, 'A_Perfect_Circle', 0]]]"
77015,VERIFIABLE,REFUTES,Farrah Fawcett forfeited four additional Golden Globe nominations for her 1980s work in TV movies.,"[[[93898, 106851, 'Farrah_Fawcett', 17]]]"
452,VERIFIABLE,REFUTES,Judy Greer has not appeared in multiple films.,"[[[15880, 19739, 'Judy_Greer', 2]], [[15880, 19740, 'Judy_Greer', 0]]]"
101780,VERIFIABLE,SUPPORTS,25 was released in November and was successful.,"[[[119515, 133536, '25_-LRB-Adele_album-RRB-', 1], [119515, 133536, '25_-LRB-Adele_album-RRB-', 11], [119515, 133536, '25_-LRB-Adele_album-RRB-', 12], [119515, 133536, '25_-LRB-Adele_album-RRB-', 13]], [[119516, 133537, '25_-LRB-Adele_album-RRB-', 1], [119516, 133537, '25_-LRB-Adele_album-RRB-', 11], [119516, 133537, '25_-LRB-Adele_album-RRB-', 12], [119516, 133537, '25_-LRB-Adele_album-RRB-', 13]]]"
100474,VERIFIABLE,SUPPORTS,There is an actress name Eliza Dushka.,"[[[118169, 132015, 'Eliza_Dushku', 0]]]"
42244,VERIFIABLE,REFUTES,Little Mix is a Ugandan girl group.,"[[[58530, 68835, 'Little_Mix', 0]]]"
62498,VERIFIABLE,SUPPORTS,Zindagi Na Milegi Dobara has a director named Laila.,"[[[78948, 90538, 'Zindagi_Na_Milegi_Dobara', 2]]]"
117338,VERIFIABLE,REFUTES,Baahubali: The Beginning was released in 2000.,"[[[137696, 152610, 'Baahubali-COLON-_The_Beginning', 0]], [[137696, 152611, 'Baahubali-COLON-_The_Beginning', 13]], [[137696, 152612, 'Baahubali-COLON-_The_Beginning', 17]]]"
27084,VERIFIABLE,SUPPORTS,Miley Cyrus is in the music industry.,"[[[43281, 51915, 'Miley_Cyrus', 3], [43281, 51915, 'Hannah_Montana_2-COLON-_Meet_Miley_Cyrus', 0], [43281, 51915, 'Hannah_Montana_2-COLON-_Meet_Miley_Cyrus', 3], [43281, 51915, 'Hollywood_Records', 0], [43281, 51915, 'Album', 0], [43281, 51915, 'RIAA_certification', 0]], [[43281, 51916, 'Miley_Cyrus', 4], [43281, 51916, 'Bolt_-LRB-2008_film-RRB-', 0]], [[43281, 51917, 'Miley_Cyrus', 10], [43281, 51917, 'Bangerz', 0], [43281, 51917, 'RCA_Records', 0]], [[43281, 51918, 'Miley_Cyrus', 16], [43281, 51918, '7_Things', 0], [43281, 51918, 'See_You_Again_-LRB-Miley_Cyrus_song-RRB-', 0], [43281, 51918, 'Wrecking_Ball_-LRB-Miley_Cyrus_song-RRB-', 0], [43281, 51918, 'The_Climb_-LRB-Miley_Cyrus_song-RRB-', 0], [43281, 51918, 'Malibu_-LRB-Miley_Cyrus_song-RRB-', 0]]]"
98445,VERIFIABLE,REFUTES,Christina Aguilera has avoided the music industry entirely.,"[[[116104, 130020, 'Christina_Aguilera', 2]], [[116104, 130021, 'Christina_Aguilera', 5]], [[116104, 130022, 'Christina_Aguilera', 7]], [[116104, 130023, 'Christina_Aguilera', 6]]]"
144473,VERIFIABLE,SUPPORTS,Bill Gates was a chairman of Microsoft.,"[[[167724, 181486, 'Bill_Gates', 4]]]"
60958,VERIFIABLE,SUPPORTS,Keanu Reeves played bass guitar for the band Becky in 2001.,"[[[77474, 88925, 'Keanu_Reeves', 16]]]"
148848,VERIFIABLE,SUPPORTS,Gone with the Wind is a long-length fiction work.,"[[[292573, 285316, 'Gone_with_the_Wind_-LRB-novel-RRB-', 0], [292573, 285316, 'Novel', 0]], [[295148, 287324, 'Gone_with_the_Wind_-LRB-novel-RRB-', 0]], [[340613, 325253, 'Gone_with_the_Wind_-LRB-novel-RRB-', 0]], [[340613, 325254, 'Gone_with_the_Wind_-LRB-novel-RRB-', 20]]]"
143721,VERIFIABLE,SUPPORTS,Gold has a distinctive color.,"[[[292042, 284871, 'Gold', 1]], [[294721, 286935, 'Gold', 21]], [[339117, 324155, 'Gold', 21]]]"
125028,VERIFIABLE,REFUTES,Lodging is done in a car.,"[[[146670, 161662, 'Lodging', 7]]]"
221588,VERIFIABLE,SUPPORTS,K-pop Star 2 featured Park Jin-young as a judge.,"[[[263886, 261455, 'K-pop_Star_2', 2]]]"
124275,VERIFIABLE,REFUTES,The Khmer Empire was weak.,"[[[145916, 160932, 'Khmer_Empire', 0]], [[145916, 160933, 'Khmer_Empire', 1]]]"
38625,VERIFIABLE,SUPPORTS,Gwen Stefani received a World Music Award.,"[[[54836, 64844, 'Gwen_Stefani', 15]]]"
65348,VERIFIABLE,REFUTES,Buddy Holly's birth name was Johnny Bravo.,"[[[81823, 93594, 'Buddy_Holly', 0]]]"
32877,VERIFIABLE,SUPPORTS,Liev Schreiber is an American actor.,"[[[48961, 58301, 'Liev_Schreiber', 0]]]"
169476,VERIFIABLE,SUPPORTS,"Oakland, California is a city populated by 419,267 people.","[[[195399, 205672, 'Oakland,_California', 1]]]"
147484,VERIFIABLE,SUPPORTS,Alex Rodriguez is an athlete.,"[[[171034, 184562, 'Alex_Rodriguez', 0]]]"
220159,VERIFIABLE,REFUTES,Nazi Germany happened after Hitler's death.,"[[[261999, 260026, 'Nazi_Germany', 1]]]"
56965,VERIFIABLE,SUPPORTS,Keturah was Abraham's wife.,"[[[73293, 84508, 'Keturah', 0]], [[73293, 84509, 'Keturah', 1]]]"
28209,VERIFIABLE,SUPPORTS,Game of Thrones (season 1) featured Scottish stage and television actor Iain Glen.,"[[[45147, 53893, 'Game_of_Thrones_-LRB-season_1-RRB-', 15], [45147, 53893, 'Iain_Glen', 0]]]"
59681,VERIFIABLE,SUPPORTS,Patrick Bateman is the villain protagonist of the game American Psycho.,"[[[76088, 87393, 'Patrick_Bateman', 0]]]"
88972,VERIFIABLE,REFUTES,Jimmy Carter was not a president.,"[[[106193, 119627, 'Jimmy_Carter', 0]], [[106212, 119640, 'Jimmy_Carter', 0]], [[106212, 119641, 'Jimmy_Carter', 2]], [[106212, 119642, 'Jimmy_Carter', 10]], [[106212, 119643, 'Jimmy_Carter', 11]], [[106212, 119644, 'Jimmy_Carter', 15]], [[106212, 119645, 'Jimmy_Carter', 17], [106212, 119645, 'Camp_David_Accords', 1]], [[106212, 119646, 'Jimmy_Carter', 19]], [[106212, 119647, 'Jimmy_Carter', 22], [106212, 119647, 'United_States_presidential_election,_1980', 2]], [[106212, 119648, 'Jimmy_Carter', 23]], [[106212, 119649, 'Jimmy_Carter', 26]], [[106212, 119650, 'Jimmy_Carter', 27], [106212, 119650, 'Carter_Center', 0]], [[106212, 119651, 'Jimmy_Carter', 29], [106212, 119651, 'Bibliography_of_Jimmy_Carter', 0]]]"
155049,VERIFIABLE,SUPPORTS,Andy Dwyer appears in a series.,"[[[179120, 191647, 'Andy_Dwyer', 0], [179120, 191647, 'Parks_and_Recreation', 0]], [[179120, 191648, 'Andy_Dwyer', 1]]]"
89278,VERIFIABLE,SUPPORTS,Extracorporeal shockwave therapy (ESWT) is unused in cardiology.,"[[[106500, 119919, 'Extracorporeal_shockwave_therapy', 0]]]"
57699,VERIFIABLE,SUPPORTS,Yusuke Murata was the illustrator of an American football manga.,"[[[74032, 85257, 'Yusuke_Murata', 1]]]"
170821,VERIFIABLE,SUPPORTS,There is a director named Fred Savage.,"[[[197085, 207154, 'Fred_Savage', 0]]]"
2456,VERIFIABLE,SUPPORTS,Where the Wild Things Are was put out in December.,"[[[18274, 22451, 'Where_the_Wild_Things_Are_-LRB-film-RRB-', 13]]]"
111701,VERIFIABLE,REFUTES,Faith Evans works solely as an actress.,"[[[131107, 145861, 'Faith_Evans', 0]], [[131107, 145862, 'Faith_Evans', 1]], [[131107, 145863, 'Faith_Evans', 2]], [[131107, 145864, 'Faith_Evans', 6]], [[131107, 145865, 'Faith_Evans', 7]], [[131107, 145866, 'Faith_Evans', 12]], [[131107, 145867, 'Faith_Evans', 13]], [[131107, 145869, 'Faith_Evans', 14]]]"
216236,VERIFIABLE,SUPPORTS,Hot was by a pop singer from Britain.,"[[[256908, 256004, 'Hot_-LRB-Mel_B_album-RRB-', 0]]]"
88736,VERIFIABLE,REFUTES,Natalie Portman was not in Star Wars.,"[[[105960, 119339, 'Natalie_Portman', 2]], [[105960, 119340, 'Natalie_Portman', 6]], [[105960, 119341, 'Natalie_Portman', 8]], [[105960, 119342, 'Natalie_Portman', 11]]]"
203726,VERIFIABLE,SUPPORTS,"Havoc went to the public on November 29, 2005.","[[[240426, 242037, 'Havoc_-LRB-2005_film-RRB-', 5]]]"
211345,VERIFIABLE,SUPPORTS,Gabriel Aubry and Halle Berry have a child.,"[[[250429, 250419, 'Halle_Berry', 17]]]"
5814,VERIFIABLE,SUPPORTS,Sharon Tate was a model.,"[[[22536, 27783, 'Sharon_Tate', 0]]]"
169111,VERIFIABLE,REFUTES,Nick Kroll has a leading role in the comedy Get Him to the Greek.,"[[[194903, 205247, 'Nick_Kroll', 2]]]"
93655,VERIFIABLE,REFUTES,Inhumans are DC characters.,"[[[275559, 270678, 'Inhumans', 0]], [[277374, 272289, 'Inhumans', 0]], [[277866, 272799, 'Inhumans', 0]]]"
2320,VERIFIABLE,SUPPORTS,"Cloud Atlas has been described as ""a sort of pointillist mosaic.""","[[[18144, 22298, 'Cloud_Atlas_-LRB-film-RRB-', 1]]]"
218842,VERIFIABLE,REFUTES,Thirteen is based on Nikki Reed's death at age 12 and 13.,"[[[260169, 258616, 'Thirteen_-LRB-2003_film-RRB-', 0]]]"
2333,VERIFIABLE,REFUTES,Caitlyn Jenner did not change her gender.,"[[[18146, 22299, 'Caitlyn_Jenner', 12]]]"
15742,VERIFIABLE,SUPPORTS,James Taylor released a compilation album.,"[[[43169, 51807, 'James_Taylor', 6], [43169, 51807, 'Greatest_Hits_-LRB-James_Taylor_album-RRB-', 1], [43169, 51807, 'Greatest_Hits_-LRB-James_Taylor_album-RRB-', 0]], [[45406, 54213, 'James_Taylor', 6], [45406, 54213, 'Greatest_Hits_-LRB-James_Taylor_album-RRB-', 0]], [[302070, 293133, 'James_Taylor', 6], [302070, 293133, 'Greatest_Hits_-LRB-James_Taylor_album-RRB-', 0]], [[303632, 294577, 'James_Taylor', 6], [303632, 294577, 'Greatest_Hits_-LRB-James_Taylor_album-RRB-', 0]], [[303637, 294581, 'James_Taylor', 6], [303637, 294581, 'Greatest_Hits_-LRB-James_Taylor_album-RRB-', 0], [303637, 294581, 'Greatest_Hits_-LRB-James_Taylor_album-RRB-', 1]]]"
79238,VERIFIABLE,REFUTES,Slovakia joined in Eurozone in November 2009.,"[[[96167, 109273, 'Slovakia', 21]]]"
202514,VERIFIABLE,SUPPORTS,Little Boy was dropped by Enola Gay.,"[[[238610, 240600, 'Little_Boy', 0]]]"
18639,VERIFIABLE,SUPPORTS,Taylor Schilling in the main cast of the series Orange is the New Black.,"[[[34249, 41513, 'Taylor_Schilling', 1]]]"
185803,VERIFIABLE,SUPPORTS,"Curse, Inc. is used by a game.","[[[216650, 223334, 'Curse,_Inc.', 3]]]"
192622,VERIFIABLE,SUPPORTS,Huginn is a raven that often travels with Odin.,"[[[225365, 230031, 'Odin', 16]]]"
93374,VERIFIABLE,REFUTES,Iain Glen is only a film actor.,"[[[110737, 124404, 'Iain_Glen', 0]]]"
120039,VERIFIABLE,SUPPORTS,The Billboard charts included Just Dance.,"[[[141035, 156211, 'Just_Dance_-LRB-song-RRB-', 9]]]"
2164,VERIFIABLE,SUPPORTS,Mickey Rooney was in a film based on the novel The Black Stallion by Walter Farley.,"[[[17983, 22131, 'Mickey_Rooney', 21], [17983, 22131, 'The_Black_Stallion_-LRB-film-RRB-', 0]]]"
43994,VERIFIABLE,SUPPORTS,Louise Simonson is from America.,"[[[132448, 147340, 'Louise_Simonson', 0]], [[133834, 148705, 'Louise_Simonson', 0]], [[309464, 299690, 'Louise_Simonson', 0]], [[310704, 300746, 'Louise_Simonson', 0]]]"
101690,VERIFIABLE,SUPPORTS,Nelson Mandela was President of South Africa from 1994 to 1999.,"[[[119416, 133419, 'Nelson_Mandela', 0]]]"
136567,VERIFIABLE,REFUTES,Janet Varney is a German.,"[[[159225, 173816, 'Janet_Varney', 0]]]"
220079,VERIFIABLE,SUPPORTS,Lust for Life is based on a 1934 novel.,"[[[261898, 259926, 'Lust_for_Life_-LRB-film-RRB-', 0]], [[261903, 259931, 'Lust_for_Life_-LRB-film-RRB-', 0]]]"
23852,VERIFIABLE,SUPPORTS,Alex Rodriguez has had a 22-year career.,"[[[39790, 47866, 'Alex_Rodriguez', 3]]]"
24766,VERIFIABLE,REFUTES,Lee Min-ho is a German singer.,"[[[40707, 48967, 'Lee_Min-ho_-LRB-actor,_born_1987-RRB-', 0]]]"
5731,VERIFIABLE,SUPPORTS,Destiny's criticism centered mostly around the game's storyline and post-campaign content.,"[[[11541, 14507, 'Destiny_-LRB-video_game-RRB-', 21]], [[15363, 19166, 'Destiny_-LRB-video_game-RRB-', 21]], [[18455, 22642, 'Destiny_-LRB-video_game-RRB-', 21]], [[100507, 113807, 'Destiny_-LRB-video_game-RRB-', 21]], [[113700, 127567, 'Destiny_-LRB-video_game-RRB-', 21]], [[113701, 127568, 'Destiny_-LRB-video_game-RRB-', 21]], [[122994, 137262, 'Destiny_-LRB-video_game-RRB-', 21]], [[129932, 144632, 'Destiny_-LRB-video_game-RRB-', 21]], [[134523, 149419, 'Destiny_-LRB-video_game-RRB-', 21]], [[143212, 158308, 'Destiny_-LRB-video_game-RRB-', 21]], [[145973, 160986, 'Destiny_-LRB-video_game-RRB-', 21]], [[148512, 163525, 'Destiny_-LRB-video_game-RRB-', 21]], [[157668, 172280, 'Destiny_-LRB-video_game-RRB-', 21]], [[169126, 182800, 'Destiny_-LRB-video_game-RRB-', 21]], [[172462, 185765, 'Destiny_-LRB-video_game-RRB-', 21]], [[176411, 189365, 'Destiny_-LRB-video_game-RRB-', 21]], [[178733, 191298, 'Destiny_-LRB-video_game-RRB-', 21]], [[187831, 199397, 'Destiny_-LRB-video_game-RRB-', 21]], [[192675, 203364, 'Destiny_-LRB-video_game-RRB-', 21]], [[214502, 221527, 'Destiny_-LRB-video_game-RRB-', 21]], [[218660, 224899, 'Destiny_-LRB-video_game-RRB-', 21]], [[228710, 232835, 'Destiny_-LRB-video_game-RRB-', 21]], [[240643, 242228, 'Destiny_-LRB-video_game-RRB-', 21]], [[299470, 290843, 'Destiny_-LRB-video_game-RRB-', 21]]]"
30575,VERIFIABLE,REFUTES,No artists lived in Amsterdam.,"[[[46737, 55749, 'Amsterdam', 23]]]"
2589,VERIFIABLE,SUPPORTS,Australia is a country in the Pacific Ocean.,"[[[11184, 14099, 'Australia', 0], [11184, 14099, 'Australia_-LRB-continent-RRB-', 13]], [[11184, 14100, 'Australia', 18], [11184, 14100, 'Pacific_Islands_Forum', 0]]]"
215954,VERIFIABLE,SUPPORTS,Event management includes decor.,"[[[256569, 255768, 'Event_management', 4]]]"
35319,VERIFIABLE,SUPPORTS,The New York Giants play professionally.,"[[[299461, 290836, 'New_York_Giants', 0]], [[299461, 290837, 'New_York_Giants', 1], [299461, 290837, 'National_Football_League', 0]], [[322132, 310517, 'New_York_Giants', 0]], [[322132, 310518, 'New_York_Giants', 1], [322132, 310518, 'National_Football_League', 0]]]"
96806,VERIFIABLE,REFUTES,Shawn Mendes is represented by a Canadian record label.,"[[[114380, 128140, 'Shawn_Mendes', 2], [114380, 128140, 'Island_Records', 0]]]"
159256,VERIFIABLE,REFUTES,The Secret Life of Us failed to ever air anywhere.,"[[[183602, 195562, 'The_Secret_Life_of_Us', 1]], [[183602, 195563, 'The_Secret_Life_of_Us', 2]], [[183602, 195564, 'The_Secret_Life_of_Us', 6]]]"
48391,VERIFIABLE,REFUTES,The Dark Knight is set in Metropolis.,"[[[64791, 75627, 'The_Dark_Knight_-LRB-film-RRB-', 2]]]"
166610,VERIFIABLE,REFUTES,Jamie Foxx was incapable of portraying Ray Charles in Ray.,"[[[191632, 202462, 'Jamie_Foxx', 1]]]"
133918,VERIFIABLE,SUPPORTS,A cause of anti-nuclear antibodies are are anti-sp100 antibodies.,"[[[156446, 171053, 'Anti-nuclear_antibody', 5]]]"
51690,VERIFIABLE,SUPPORTS,Emmy Rossum had a prominent role in a movie of which Maggie Greenwald was the director.,"[[[68032, 78898, 'Emmy_Rossum', 2], [68032, 78898, 'Songcatcher', 0]]]"
106817,VERIFIABLE,SUPPORTS,The divine right of kings was brought into action by Henry VIII when he changed the English constitution.,"[[[125447, 139792, 'Henry_VIII_of_England', 9]]]"
228653,VERIFIABLE,SUPPORTS,"How to Lose Friends & Alienate People stars Simon Pegg, Kirsten Dunst, Danny Huston, Gillian Anderson, Megan Fox and Jeff Bridges, alongside Max Minghella and Margo Stilley.","[[[272829, 268507, 'How_to_Lose_Friends_&_Alienate_People_-LRB-film-RRB-', 6]], [[272830, 268508, 'How_to_Lose_Friends_&_Alienate_People_-LRB-film-RRB-', 6]]]"
224984,VERIFIABLE,SUPPORTS,Equidae includes some species known only from fossils.,"[[[268080, 264725, 'Equidae', 0]]]"
87528,VERIFIABLE,REFUTES,Ty Cobb was born in rural Connecticut.,"[[[104722, 118139, 'Ty_Cobb', 1]]]"
192294,VERIFIABLE,SUPPORTS,Psychological findings link to research and perspectives from an academic discipline.,"[[[224929, 229655, 'Psychology', 13], [224929, 229655, 'Humanities', 0]]]"
172791,VERIFIABLE,SUPPORTS,Felicity Jones was nominated for an Academy Award for Best Actress.,"[[[199515, 209201, 'Felicity_Jones', 10]]]"
113133,VERIFIABLE,SUPPORTS,There is a screenwriter named Jim Rash.,"[[[132699, 147622, 'Jim_Rash', 0]]]"
90415,VERIFIABLE,SUPPORTS,Paris hosts the French Open.,"[[[107725, 121211, 'Paris', 26]]]"
118986,VERIFIABLE,REFUTES,Toy Story is a television show.,"[[[139642, 154642, 'Toy_Story', 0]], [[139642, 154643, 'Toy_Story', 1]], [[139642, 154644, 'Toy_Story', 4]], [[139642, 154645, 'Toy_Story', 6]], [[139642, 154646, 'Toy_Story', 10]], [[139642, 154647, 'Toy_Story', 12]], [[139642, 154648, 'Toy_Story', 15]], [[139642, 154649, 'Toy_Story', 16]], [[139642, 154650, 'Toy_Story', 17]], [[139642, 154651, 'Toy_Story', 18]]]"
78768,VERIFIABLE,SUPPORTS,Kalpana Raghavendar is a person who writes songs.,"[[[95723, 108763, 'Kalpana_Raghavendar', 0]]]"
20329,VERIFIABLE,SUPPORTS,The Odia language is used to communicate in Chhattisgarh.,"[[[36145, 43685, 'Odia_language', 6]]]"
159898,VERIFIABLE,REFUTES,Melisandre was left out of A Storm of Swords (2000).,"[[[184342, 196255, 'Melisandre', 6]]]"
58799,VERIFIABLE,SUPPORTS,Queen Latifah has won at least one Screen Actors Guild Award.,"[[[75177, 86410, 'Queen_Latifah', 19]]]"
85630,VERIFIABLE,SUPPORTS,Laadla was released.,"[[[102789, 116088, 'Laadla_-LRB-1994_film-RRB-', 0]]]"
221455,VERIFIABLE,SUPPORTS,Stars Dance is Selena Gomez's debut album.,"[[[263707, 261323, 'Stars_Dance', 0]], [[263708, 261324, 'Stars_Dance', 0]]]"
165521,VERIFIABLE,SUPPORTS,Ileana D'Cruz starred in a movie.,"[[[190318, 201372, ""Ileana_D'Cruz"", 4], [190318, 201372, 'Jalsa', 1], [190318, 201372, 'Julai', 1], [190318, 201372, 'Kick_-LRB-2009_film-RRB-', 1], [190318, 201372, 'Pokiri', 2]]]"
38835,VERIFIABLE,SUPPORTS,Jet Li was in The Forbidden Kingdom with Jackie Chan.,"[[[112973, 126814, 'Jet_Li', 11]], [[116542, 130419, 'Jet_Li', 11]], [[119207, 133143, 'Jet_Li', 11]], [[308468, 298844, 'Jet_Li', 11]], [[308469, 298845, 'Jet_Li', 11]]]"
167599,VERIFIABLE,REFUTES,Suits stars a dog named Harvey Specter.,"[[[192914, 203586, 'Suits_-LRB-TV_series-RRB-', 3]]]"
19762,VERIFIABLE,REFUTES,Dr. Dre established his own country.,"[[[35544, 43066, 'Dr._Dre', 13]]]"
152886,VERIFIABLE,REFUTES,Derrick Rose was not born in the Chicago area.,"[[[293051, 285688, 'Derrick_Rose', 5]], [[295664, 287734, 'Derrick_Rose', 5]], [[297281, 288946, 'Derrick_Rose', 5]], [[341295, 325760, 'Derrick_Rose', 5]], [[341303, 325768, 'Derrick_Rose', 5]]]"
15743,VERIFIABLE,SUPPORTS,Paul Newman was an actor.,"[[[31139, 37819, 'Paul_Newman', 0]], [[31139, 37820, 'Paul_Newman', 3]], [[31140, 37821, 'Paul_Newman', 0]], [[31140, 37822, 'Paul_Newman', 1]], [[31140, 37823, 'Paul_Newman', 2]], [[31140, 37824, 'Paul_Newman', 3]]]"
58154,VERIFIABLE,REFUTES,Charles I of England was a pauper.,"[[[74507, 85739, 'Charles_I_of_England', 0]]]"
147414,VERIFIABLE,SUPPORTS,SF are the initials used to represent San Francisco.,"[[[170952, 184495, 'San_Francisco', 0]]]"
188671,VERIFIABLE,REFUTES,Billy Clanton was unrelated to Newman Clanton.,"[[[220239, 226054, 'Billy_Clanton', 1]]]"
47008,VERIFIABLE,SUPPORTS,Katherine Heigl appeared in a science fiction television series.,"[[[144496, 159518, 'Katherine_Heigl', 3], [144496, 159518, 'Roswell_-LRB-TV_series-RRB-', 0]], [[147416, 162425, 'Katherine_Heigl', 3], [147416, 162425, 'Isabel_Evans', 0], [147416, 162425, 'Roswell_-LRB-TV_series-RRB-', 0]], [[311141, 301167, 'Katherine_Heigl', 3], [311141, 301167, 'Roswell_-LRB-TV_series-RRB-', 0]], [[311145, 301170, 'Katherine_Heigl', 3], [311145, 301170, 'Roswell_-LRB-TV_series-RRB-', 0]]]"
3190,VERIFIABLE,SUPPORTS,Stagira is the birthplace of Plato.,"[[[19132, 23463, 'Stagira_-LRB-ancient_city-RRB-', 0]]]"
80711,VERIFIABLE,REFUTES,Cara Delevinge did not win the Model of the Year award.,"[[[97708, 110870, 'Cara_Delevingne', 2]]]"
187303,VERIFIABLE,REFUTES,"David Harbour was born on June 2nd, 1991.","[[[218525, 224791, 'David_Harbour', 0]]]"
9897,VERIFIABLE,SUPPORTS,"In Burundi, there are 21 registered parties.","[[[24776, 30609, 'Burundi', 20]]]"
18847,VERIFIABLE,SUPPORTS,Where the Wild Things Are was released in Australia.,"[[[48495, 57818, 'Where_the_Wild_Things_Are_-LRB-film-RRB-', 13]], [[51474, 61221, 'Where_the_Wild_Things_Are_-LRB-film-RRB-', 13]], [[302684, 293690, 'Where_the_Wild_Things_Are_-LRB-film-RRB-', 13]], [[304901, 295699, 'Where_the_Wild_Things_Are_-LRB-film-RRB-', 13]], [[306193, 296930, 'Where_the_Wild_Things_Are_-LRB-film-RRB-', 13]], [[306243, 296973, 'Where_the_Wild_Things_Are_-LRB-film-RRB-', 13]]]"
94631,VERIFIABLE,REFUTES,Furious 7 is a TV show.,"[[[112082, 125888, 'Furious_7', 0]]]"
128633,VERIFIABLE,SUPPORTS,Sarah Paulson received a Golden Globe Award nomination.,"[[[150660, 165521, 'Sarah_Paulson', 3]], [[150660, 165522, 'Sarah_Paulson', 9]]]"
165173,VERIFIABLE,REFUTES,"Caroline, Princess of Hanover is married to anyone but an heir.","[[[297076, 288767, 'Caroline,_Princess_of_Hanover', 5]], [[298743, 290162, 'Caroline,_Princess_of_Hanover', 5]], [[300837, 291921, 'Caroline,_Princess_of_Hanover', 5]], [[344663, 328138, 'Caroline,_Princess_of_Hanover', 5]]]"
138755,VERIFIABLE,SUPPORTS,Grey's Anatomy is filmed in the United States.,"[[[290061, 283120, ""Grey's_Anatomy"", 4], [290061, 283120, 'California', 0]], [[291405, 284339, ""Grey's_Anatomy"", 4]], [[293544, 286045, ""Grey's_Anatomy"", 4], [293544, 286045, 'California', 0]], [[337539, 322902, ""Grey's_Anatomy"", 4], [337539, 322902, 'California', 0]], [[337540, 322903, ""Grey's_Anatomy"", 4]], [[337543, 322905, ""Grey's_Anatomy"", 4], [337543, 322905, 'California', 0]]]"
58718,VERIFIABLE,REFUTES,Nikolaj Coster-Waldau was not in a Danish thriller film.,"[[[77398, 88845, 'Nikolaj_Coster-Waldau', 2], [77398, 88845, 'Nightwatch_-LRB-1994_film-RRB-', 0]]]"
196805,VERIFIABLE,SUPPORTS,Sean Connery won three Golden Globes.,"[[[231251, 234773, 'Sean_Connery', 0]]]"
66674,VERIFIABLE,REFUTES,Gujarat is in Western Boston.,"[[[83239, 95179, 'Gujarat', 0]]]"
100620,VERIFIABLE,SUPPORTS,Cancer is a group of diseases involving abnormal cell proliferation.,"[[[118298, 132133, 'Cancer', 0]]]"
129893,VERIFIABLE,SUPPORTS,Marion Cotillard portrayed someone.,"[[[152105, 166885, 'Marion_Cotillard', 13]]]"
214358,VERIFIABLE,REFUTES,Chandni was created in 2001.,"[[[254481, 254139, 'Chandni', 0]]]"
43472,VERIFIABLE,REFUTES,Ronald Reagan worked for the president of the United States.,"[[[59782, 70188, 'Ronald_Reagan', 0]]]"
87440,VERIFIABLE,SUPPORTS,Kill Bill: Volume 2 is about the Bride continuing her revenge against Bill.,"[[[104624, 118021, 'Kill_Bill-COLON-_Volume_2', 1]]]"
227811,VERIFIABLE,SUPPORTS,Music journalism is critical of popular music topics.,"[[[271717, 267540, 'Music_journalism', 0]]]"
83838,VERIFIABLE,SUPPORTS,Tom Felton is an actor.,"[[[100872, 114132, 'Tom_Felton', 0]], [[100872, 114133, 'Tom_Felton', 2]], [[100872, 114134, 'Tom_Felton', 3], [100872, 114134, 'Draco_Malfoy', 4]], [[100872, 114135, 'Tom_Felton', 4]], [[100872, 114136, 'Tom_Felton', 8]], [[100872, 114137, 'Tom_Felton', 10]]]"
69913,VERIFIABLE,SUPPORTS,The Marvel Cinematic Universe's first phase ended.,"[[[86609, 99072, 'Marvel_Cinematic_Universe', 6]]]"
36403,VERIFIABLE,REFUTES,Hulk's coloration has not varied.,"[[[52596, 62559, 'Hulk_-LRB-comics-RRB-', 13]]]"
145087,VERIFIABLE,REFUTES,Roger Federer avoided tennis entirely.,"[[[292166, 285003, 'Roger_Federer', 0]], [[292166, 285004, 'Roger_Federer', 6], [292166, 285004, 'Grand_Slam_-LRB-tennis-RRB-', 0]], [[292166, 285005, 'Roger_Federer', 7], [292166, 285005, 'The_Championships,_Wimbledon', 0]], [[292166, 285006, 'Roger_Federer', 8], [292166, 285006, 'Grand_Slam_-LRB-tennis-RRB-', 0]], [[292166, 285007, 'Roger_Federer', 9], [292166, 285007, 'Grand_Slam_-LRB-tennis-RRB-', 0]], [[292166, 285008, 'Roger_Federer', 12], [292166, 285008, 'ATP_Finals', 0]], [[294191, 286530, 'Roger_Federer', 0]], [[294191, 286531, 'Roger_Federer', 1]], [[294191, 286532, 'Roger_Federer', 6], [294191, 286532, 'Grand_Slam_-LRB-tennis-RRB-', 0]], [[294191, 286533, 'Roger_Federer', 9], [294191, 286533, '2005_Wimbledon_Championships', 0]], [[294191, 286534, 'Roger_Federer', 13]], [[294833, 287045, 'Roger_Federer', 0]], [[294833, 287046, 'Roger_Federer', 1]], [[294833, 287047, 'Roger_Federer', 3]], [[294833, 287048, 'Roger_Federer', 6]], [[294833, 287049, 'Roger_Federer', 7], [294833, 287049, 'Australian_Open', 0]], [[294833, 287050, 'Roger_Federer', 8], [294833, 287050, 'Grand_Slam_-LRB-tennis-RRB-', 0]], [[294833, 287051, 'Roger_Federer', 9], [294833, 287051, ""2005_US_Open_–_Men's_Singles"", 0]], [[294833, 287052, 'Roger_Federer', 12], [294833, 287052, 'ATP_Finals', 0]], [[294833, 287053, 'Roger_Federer', 13], [294833, 287053, 'Tennis_at_the_2008_Summer_Olympics', 0]], [[294833, 287054, 'Roger_Federer', 14], [294833, 287054, '2014_Davis_Cup', 0]], [[294833, 287055, 'Roger_Federer', 15], [294833, 287055, ""2005_US_Open_–_Men's_Singles"", 0]], [[339318, 324310, 'Roger_Federer', 0]]]"
139066,VERIFIABLE,SUPPORTS,Andy Kaufman was an artist.,"[[[161850, 176273, 'Andy_Kaufman', 0]], [[161854, 176275, 'Andy_Kaufman', 0]], [[161854, 176276, 'Andy_Kaufman', 7]], [[161854, 176277, 'Andy_Kaufman', 8]], [[161854, 176278, 'Andy_Kaufman', 9]], [[161854, 176279, 'Andy_Kaufman', 11]]]"
43572,VERIFIABLE,SUPPORTS,Bruce Springsteen was a Kennedy Center Honors recipient in 2009.,"[[[59883, 70286, 'Bruce_Springsteen', 9]], [[59885, 70288, 'Bruce_Springsteen', 9]]]"
115431,VERIFIABLE,REFUTES,Planet of the Apes is a squid.,"[[[135490, 150364, 'Planet_of_the_Apes_-LRB-1968_film-RRB-', 0]], [[135490, 150365, 'Planet_of_the_Apes_-LRB-1968_film-RRB-', 4]]]"
135624,VERIFIABLE,SUPPORTS,Hayden Panettiere is a person.,"[[[158230, 172858, 'Hayden_Panettiere', 0]], [[158230, 172859, 'Hayden_Panettiere', 5]], [[158230, 172860, 'Hayden_Panettiere', 1]], [[158230, 172861, 'Hayden_Panettiere', 7]]]"
200739,VERIFIABLE,SUPPORTS,A Song of Ice and Fire is by George Raymond Richard Martin.,"[[[236189, 238719, 'A_Song_of_Ice_and_Fire', 0], [236189, 238719, 'George_R._R._Martin', 3]]]"
218784,VERIFIABLE,SUPPORTS,Oh Yeon-seo worked in a group.,"[[[260103, 258570, 'Oh_Yeon-seo', 0]]]"
17506,VERIFIABLE,SUPPORTS,Mango is the national fruit of the Philippines.,"[[[32966, 40063, 'Mango', 7]]]"
158375,VERIFIABLE,REFUTES,"George Best has been described as ""the worst player to ever pull on the green shirt of Wales.""","[[[182651, 194842, 'George_Best', 2]]]"
173560,VERIFIABLE,REFUTES,Bring It On (film) had zero involvement from Jesse Bradford.,"[[[200534, 210029, 'Bring_It_On_-LRB-film-RRB-', 1]]]"
120515,VERIFIABLE,SUPPORTS,Roald Dahl writes books.,"[[[283171, 277253, 'Roald_Dahl', 0]], [[285740, 279357, 'Roald_Dahl', 0]], [[285740, 279358, 'Roald_Dahl', 1]], [[285747, 279379, 'Roald_Dahl', 0]], [[285747, 279380, 'Roald_Dahl', 1]], [[285747, 279381, 'Roald_Dahl', 11]], [[285747, 279382, 'Roald_Dahl', 12]], [[285747, 279383, 'Roald_Dahl', 7]], [[285751, 279386, 'Roald_Dahl', 0]], [[285751, 279387, 'Roald_Dahl', 5]], [[285751, 279388, 'Roald_Dahl', 12]], [[285751, 279389, 'Roald_Dahl', 13]], [[285751, 279390, 'Roald_Dahl', 14]], [[331707, 318196, 'Roald_Dahl', 0]]]"
77425,VERIFIABLE,SUPPORTS,Hypothyroidism can cause mood changes.,"[[[95992, 109062, 'Hypothyroidism', 1]]]"
180085,VERIFIABLE,REFUTES,Jon Watts has only ever been a plumber.,"[[[209049, 216949, 'Jon_Watts', 0]]]"
205933,VERIFIABLE,REFUTES,Cosmopolitan as of 2011 only contains content which includes articles on dogs.,"[[[243370, 244594, 'Cosmopolitan_-LRB-magazine-RRB-', 2]]]"
109774,VERIFIABLE,SUPPORTS,"By area, Nepal is the ninety-third largest country on Earth.","[[[128798, 143469, 'Nepal', 7]]]"
42766,VERIFIABLE,REFUTES,Wentworth premiered on Broadway.,"[[[59065, 69398, 'Wentworth_-LRB-TV_series-RRB-', 1]]]"
78916,VERIFIABLE,SUPPORTS,The Fujitsu iPAD was introduced by Fujitsu in 2002.,"[[[95864, 108925, 'Fujitsu_iPAD', 0]]]"
27505,VERIFIABLE,SUPPORTS,Cage Warriors is an MMA promotion that held its first event in London.,"[[[43635, 52273, 'Cage_Warriors', 1]]]"
102894,VERIFIABLE,SUPPORTS,American Horror Story: Hotel is a season of an FX romance serialized radio series.,"[[[120951, 135256, 'American_Horror_Story-COLON-_Hotel', 0]]]"
210141,VERIFIABLE,SUPPORTS,Lonesome Dove (miniseries) was nominated for eighteen Emmys in 1989 and won seven.,"[[[248929, 248966, 'Lonesome_Dove_-LRB-miniseries-RRB-', 10]]]"
185469,VERIFIABLE,SUPPORTS,Denial was released in Europe.,"[[[216171, 222877, 'Denial_-LRB-2016_film-RRB-', 6], [216171, 222877, 'United_Kingdom', 0]]]"
194647,VERIFIABLE,SUPPORTS,Avatar: The Last Airbender's antagonist is Aang.,"[[[227997, 232313, 'Avatar-COLON-_The_Last_Airbender', 6]]]"
134796,VERIFIABLE,REFUTES,Apple was not founded in 1976.,"[[[157360, 171929, 'Apple_Inc.', 6]]]"
56283,VERIFIABLE,SUPPORTS,Conquest of the Planet of the Apes is genre fiction.,"[[[72643, 83685, 'Conquest_of_the_Planet_of_the_Apes', 0], [72643, 83685, 'Science_fiction_film', 0]]]"
80327,VERIFIABLE,REFUTES,Grace Kelly did not work with Alfred Hitchcock.,"[[[97319, 110499, 'Grace_Kelly', 6], [97319, 110499, 'Rear_Window', 0]]]"
111244,VERIFIABLE,SUPPORTS,Bill Clinton served a term in office.,"[[[130634, 145409, 'Bill_Clinton', 0]], [[130634, 145410, 'Bill_Clinton', 1]], [[130634, 145411, 'Bill_Clinton', 2]], [[130634, 145412, 'Bill_Clinton', 9]], [[130634, 145413, 'Bill_Clinton', 12]], [[130634, 145414, 'Bill_Clinton', 13]], [[130634, 145415, 'Bill_Clinton', 16]], [[130634, 145416, 'Bill_Clinton', 21]], [[130634, 145417, 'Bill_Clinton', 28]], [[130634, 145418, 'Bill_Clinton', 31], [130634, 145418, 'My_Life_-LRB-Bill_Clinton_autobiography-RRB-', 0]], [[130634, 145419, 'Bill_Clinton', 30], [130634, 145419, 'Clinton_Foundation', 1]]]"
113548,VERIFIABLE,SUPPORTS,There is an actor name Peter Davison.,"[[[133203, 148063, 'Peter_Davison', 0]], [[133204, 148064, 'Peter_Davison', 0]], [[133205, 148065, 'Peter_Davison', 0]], [[133206, 148066, 'Peter_Davison', 0]], [[133207, 148067, 'Peter_Davison', 0]], [[133208, 148068, 'Peter_Davison', 0]], [[133209, 148069, 'Peter_Davison', 0]], [[133210, 148070, 'Peter_Davison', 0]], [[133211, 148071, 'Peter_Davison', 0]], [[133212, 148072, 'Peter_Davison', 0]], [[133214, 148074, 'Peter_Davison', 0]], [[133215, 148075, 'Peter_Davison', 0]], [[133216, 148076, 'Peter_Davison', 0]]]"
162961,VERIFIABLE,SUPPORTS,Troy Baker was the rhythm guitarist for Tripp Fontaine.,"[[[187511, 199130, 'Troy_Baker', 5]]]"
57,VERIFIABLE,SUPPORTS,Sons of Anarchy premiered on FX.,"[[[15293, 19067, 'Sons_of_Anarchy', 6]]]"
121073,VERIFIABLE,SUPPORTS,Sarah Palin ran for presidency alongside a senator from Arizona.,"[[[142169, 157392, 'Sarah_Palin', 1]]]"
190435,VERIFIABLE,SUPPORTS,"In 1937, William Hanna worked.","[[[222556, 227842, 'William_Hanna', 5]]]"
83259,VERIFIABLE,REFUTES,Taylor Kitsch only worked on the 2012 film Savages.,"[[[100312, 113571, 'Taylor_Kitsch', 1]], [[100312, 113572, 'Taylor_Kitsch', 4]]]"
166107,VERIFIABLE,SUPPORTS,"Rescue Me ended on September 7, 2011.","[[[191003, 201939, 'Rescue_Me_-LRB-U.S._TV_series-RRB-', 0]]]"
63298,VERIFIABLE,REFUTES,"In Azerbaijan, according to polls, 53% of the population state that religion has importance in their lives.","[[[79715, 91455, 'Azerbaijan', 25]]]"
122729,VERIFIABLE,SUPPORTS,Payton Manning signed with the Broncos following his release from the Colts in 2012.,"[[[144104, 159162, 'Peyton_Manning', 11], [144104, 159162, 'Peyton_Manning', 12]]]"
149965,VERIFIABLE,SUPPORTS,Christopher Lee portrayed Francisco Scaramanga in the film The Man with the Golden Gun.,"[[[173784, 186975, 'Christopher_Lee', 2]]]"
58460,VERIFIABLE,REFUTES,The Muppet Christmas Carol is a television show.,"[[[74819, 86045, 'The_Muppet_Christmas_Carol', 0]]]"
141637,VERIFIABLE,REFUTES,Superior Donuts is a noir film.,"[[[164684, 178899, 'Superior_Donuts_-LRB-TV_series-RRB-', 0], [164684, 178899, 'Sitcom', 0]], [[164685, 178900, 'Superior_Donuts_-LRB-TV_series-RRB-', 0]]]"
188949,VERIFIABLE,REFUTES,Usain Bolt is incapable of competing in sports.,"[[[220612, 226434, 'Usain_Bolt', 1], [220612, 226434, '100_metres', 0], [220612, 226434, '200_metres', 0]], [[220612, 226435, 'Usain_Bolt', 2], [220612, 226435, '100_metres', 0], [220612, 226435, '4×100_metres_relay_at_the_World_Championships_in_Athletics', 0]], [[220612, 226436, 'Usain_Bolt', 7]], [[220612, 226437, 'Usain_Bolt', 9]], [[220612, 226438, 'Usain_Bolt', 12]], [[220612, 226439, 'Usain_Bolt', 13]], [[220612, 226440, 'Usain_Bolt', 23]]]"
112400,VERIFIABLE,SUPPORTS,Mark Zuckerberg was named Person of the Year by Time magazine in May 2010.,"[[[282019, 276288, 'Mark_Zuckerberg', 16]], [[282026, 276294, 'Mark_Zuckerberg', 16]], [[282028, 276296, 'Mark_Zuckerberg', 16]]]"
141628,VERIFIABLE,SUPPORTS,Lana Del Rey's music has been regarded for its penchant for ideas of tragic romance.,"[[[291777, 284674, 'Lana_Del_Rey', 1]], [[338404, 323588, 'Lana_Del_Rey', 1]]]"
20649,VERIFIABLE,SUPPORTS,Dirt was produced by ABC studios.,"[[[36436, 44028, 'Dirt_-LRB-TV_series-RRB-', 9]]]"
67173,VERIFIABLE,SUPPORTS,Beauty and the Beast was directed by Bill Condon in 2017.,"[[[83770, 95771, 'Beauty_and_the_Beast_-LRB-2017_film-RRB-', 0]]]"
27703,VERIFIABLE,SUPPORTS,Peyton Manning is the son of an NFL quarterback.,"[[[43838, 52468, 'Peyton_Manning', 3]]]"
205869,VERIFIABLE,SUPPORTS,Song Sung Blue is a work of music.,"[[[243292, 244529, 'Song_Sung_Blue', 0]], [[243292, 244530, 'Song_Sung_Blue', 1], [243292, 244530, 'Moods_-LRB-Neil_Diamond_album-RRB-', 1]], [[243292, 244531, 'Song_Sung_Blue', 7]], [[243292, 244532, 'Song_Sung_Blue', 6]], [[243292, 244533, 'Song_Sung_Blue', 5], [243292, 244533, 'Top_40', 0]], [[243292, 244534, 'Song_Sung_Blue', 11]]]"
62142,VERIFIABLE,SUPPORTS,Purple Haze was released as a single for a record.,"[[[78603, 90157, 'Purple_Haze', 0]]]"
214424,VERIFIABLE,REFUTES,Bruce Lee was only a professional martial artist and unable to act.,"[[[254567, 254205, 'Bruce_Lee', 0], [254567, 254205, 'Actor', 0]]]"
50092,VERIFIABLE,SUPPORTS,Land Rover makes the Range Rover Evoque.,"[[[66412, 77252, 'Land_Rover', 5]], [[66415, 77254, 'Land_Rover', 5]]]"
142616,VERIFIABLE,SUPPORTS,Gilmore Girls is a show.,"[[[165677, 179698, 'Gilmore_Girls', 6]]]"
49273,VERIFIABLE,SUPPORTS,2001: A Space Odyssey was distributed by Metro-Goldwyn-Mayer and gained much fame.,"[[[65595, 76468, '2001-COLON-_A_Space_Odyssey_-LRB-film-RRB-', 9]], [[65606, 76480, '2001-COLON-_A_Space_Odyssey_-LRB-film-RRB-', 9], [65606, 76480, '2001-COLON-_A_Space_Odyssey_-LRB-film-RRB-', 20], [65606, 76480, '2001-COLON-_A_Space_Odyssey_-LRB-film-RRB-', 14], [65606, 76480, '2001-COLON-_A_Space_Odyssey_-LRB-film-RRB-', 22], [65606, 76480, '2001-COLON-_A_Space_Odyssey_-LRB-film-RRB-', 19]]]"
111281,VERIFIABLE,SUPPORTS,Eva Longoria is a performer.,"[[[130668, 145461, 'Eva_Longoria', 0]], [[130668, 145462, 'Eva_Longoria', 1]], [[130668, 145464, 'Eva_Longoria', 2]], [[130668, 145465, 'Eva_Longoria', 3]], [[130668, 145466, 'Eva_Longoria', 4]], [[130668, 145467, 'Eva_Longoria', 7]]]"
4321,VERIFIABLE,SUPPORTS,Texas Longhorns men's basketball took part in the NCAA Final Four three times total.,"[[[11357, 14298, ""Texas_Longhorns_men's_basketball"", 9]]]"
81827,VERIFIABLE,REFUTES,Ajay Devgn is an actor in the Canadian film industry.,"[[[98877, 111963, 'Ajay_Devgn', 0]]]"
170714,VERIFIABLE,SUPPORTS,Diana is a solo album by Diana Ross.,"[[[196965, 207035, 'Diana_-LRB-album-RRB-', 0]]]"
228274,VERIFIABLE,SUPPORTS,The Silence of the Lambs was a film.,"[[[273825, 269172, 'The_Silence_of_the_Lambs_-LRB-film-RRB-', 0]]]"
102592,VERIFIABLE,REFUTES,Megan Fox ended her acting career in 2001.,"[[[120448, 134663, 'Megan_Fox', 2]], [[120448, 134664, 'Megan_Fox', 3]], [[120448, 134665, 'Megan_Fox', 4]], [[120448, 134666, 'Megan_Fox', 5]]]"
206796,VERIFIABLE,REFUTES,Nick Nolte turned down the role he was offered in Tropic Thunder.,"[[[244526, 245523, 'Nick_Nolte', 5], [244526, 245523, 'Nick_Nolte', 3], [244526, 245523, 'Nick_Nolte', 4]]]"
166699,VERIFIABLE,SUPPORTS,Ryuk (Death Note) is from a manga series that later became an anime.,"[[[191753, 202552, 'Ryuk_-LRB-Death_Note-RRB-', 0], [191753, 202552, 'Death_Note', 7]], [[191753, 202553, 'Ryuk_-LRB-Death_Note-RRB-', 5]], [[191760, 202557, 'Ryuk_-LRB-Death_Note-RRB-', 5]], [[191760, 202558, 'Ryuk_-LRB-Death_Note-RRB-', 0]]]"
15872,VERIFIABLE,SUPPORTS,Lee Min-ho won Best New Actor award.,"[[[31286, 38006, 'Lee_Min-ho_-LRB-actor,_born_1987-RRB-', 2]]]"
18453,VERIFIABLE,SUPPORTS,Leslie Howard was a producer.,"[[[34035, 41278, 'Leslie_Howard_-LRB-actor-RRB-', 0]]]"
132701,VERIFIABLE,SUPPORTS,New York City features Columbia University.,"[[[287290, 280749, 'New_York_City', 33]], [[289293, 282379, 'New_York_City', 33]], [[289294, 282380, 'New_York_City', 33]], [[335531, 321318, 'New_York_City', 33]], [[335853, 321594, 'New_York_City', 33]], [[335857, 321595, 'New_York_City', 33]]]"
6763,VERIFIABLE,SUPPORTS,John Wayne Gacy Jr. was a serial killer.,"[[[23691, 29289, 'John_Wayne_Gacy', 0]]]"
104785,VERIFIABLE,REFUTES,It was announced that Black Panther would be developed by Marvel Studios in 1928.,"[[[279339, 273968, 'Black_Panther_-LRB-film-RRB-', 7]], [[281093, 275477, 'Black_Panther_-LRB-film-RRB-', 7]], [[281093, 275478, 'Black_Panther_-LRB-film-RRB-', 8]], [[283172, 277254, 'Black_Panther_-LRB-film-RRB-', 7]], [[283181, 277262, 'Black_Panther_-LRB-film-RRB-', 7]], [[327601, 314821, 'Black_Panther_-LRB-film-RRB-', 7]]]"
83556,VERIFIABLE,SUPPORTS,Joseph Stalin's birth took place before 1917.,"[[[100606, 113901, 'Joseph_Stalin', 0]]]"
98301,VERIFIABLE,SUPPORTS,Heather Watson's competitor for the WTA singles title was Chang Kai-Chen.,"[[[115938, 129812, 'Heather_Watson', 7]], [[115940, 129814, 'Heather_Watson', 7]]]"
209730,VERIFIABLE,SUPPORTS,Friends with Benefits features actors.,"[[[248370, 248545, 'Friends_with_Benefits_-LRB-film-RRB-', 1], [248370, 248545, 'Bryan_Greenberg', 0], [248370, 248545, 'Patricia_Clarkson', 0]]]"
28225,VERIFIABLE,REFUTES,The Sopranos had seven seasons.,"[[[44455, 53116, 'The_Sopranos', 7]]]"
26237,VERIFIABLE,SUPPORTS,England became the first industrialized nation.,"[[[42281, 50882, 'England', 10]]]"
175063,VERIFIABLE,REFUTES,Anna Paquin was unable to perform the role of Flora McGrath.,"[[[202481, 211732, 'Anna_Paquin', 2]]]"
170920,VERIFIABLE,REFUTES,The Matrix Revolutions was directed by Steven Spielberg.,"[[[197210, 207280, 'The_Matrix_Revolutions', 0]]]"
77343,VERIFIABLE,SUPPORTS,Bob Kane and Jerry Robinson claim responsibility for the Joker's design.,"[[[94263, 107261, 'Joker_-LRB-character-RRB-', 1]]]"
116589,VERIFIABLE,REFUTES,Robert Wagner wrote his autobiography by himself.,"[[[33481, 40638, 'Robert_Wagner', 7]]]"
64342,VERIFIABLE,SUPPORTS,Angelina Jolie was in Salt.,"[[[80782, 92619, 'Angelina_Jolie', 8]]]"
166193,VERIFIABLE,REFUTES,Dangerous Liaisons is exclusively a drama film.,"[[[191112, 202033, 'Dangerous_Liaisons', 0]]]"
128217,VERIFIABLE,SUPPORTS,Michael Jackson was acquitted of allegations.,"[[[150216, 165146, 'Michael_Jackson', 27]]]"
192352,VERIFIABLE,REFUTES,Courtney Love refused to appear in Man on the Moon (1999).,"[[[225000, 229733, 'Courtney_Love', 14]]]"
67461,VERIFIABLE,REFUTES,Taiwan did not change from a one-party military dictatorship to a multi-party democracy in the 1980s and early 1990s.,"[[[84031, 96151, 'Taiwan', 17]]]"
224094,VERIFIABLE,SUPPORTS,Battle Studies World Tour was a tour by a singer from the United States.,"[[[266969, 263788, 'Battle_Studies_World_Tour', 0], [266969, 263788, 'John_Mayer', 0], [266969, 263788, 'John_Mayer', 1], [266969, 263788, 'Connecticut', 0]]]"
138297,VERIFIABLE,SUPPORTS,There is a film called The Breakfast Club.,"[[[161105, 175591, 'The_Breakfast_Club', 0]]]"
198480,VERIFIABLE,REFUTES,Stephen Rider turned down the opportunity to work in the series Lucky 7.,"[[[233351, 236304, 'Stephen_Rider', 0]]]"
44509,VERIFIABLE,SUPPORTS,Sade is a female artist famous for her music and acting.,"[[[60884, 71338, 'Sade_-LRB-singer-RRB-', 0]]]"
204479,VERIFIABLE,SUPPORTS,Dangerous Beauty was directed by someone.,"[[[241444, 242976, 'Dangerous_Beauty', 0], [241444, 242976, 'Marshall_Herskovitz', 0]]]"
79097,VERIFIABLE,SUPPORTS,October was the month in which Edgar Allan Poe died.,"[[[96038, 109089, 'Edgar_Allan_Poe', 0]]]"
74594,VERIFIABLE,SUPPORTS,Roger Penrose was a co-recipient of the 1988 Wolf Prize for physics along with Stephen Hawking.,"[[[91372, 104092, 'Roger_Penrose', 5]]]"
81438,VERIFIABLE,REFUTES,Muhammad did not migrate from Mecca to Medina.,"[[[98483, 111577, 'Muhammad', 21]]]"
464,VERIFIABLE,SUPPORTS,Anne Hathaway had a role.,"[[[15895, 19752, 'Anne_Hathaway', 1]], [[15895, 19753, 'Anne_Hathaway', 2]], [[15895, 19754, 'Anne_Hathaway', 3]], [[15895, 19755, 'Anne_Hathaway', 7]], [[15895, 19756, 'Anne_Hathaway', 8]], [[15895, 19757, 'Anne_Hathaway', 9]], [[15895, 19758, 'Anne_Hathaway', 13]], [[15895, 19759, 'Anne_Hathaway', 14]], [[15895, 19760, 'Anne_Hathaway', 15]]]"
111681,VERIFIABLE,SUPPORTS,Margot Kidder appeared on the children's television series R.L. Stine's The Haunting Hour.,"[[[131116, 145883, 'Margot_Kidder', 11]]]"
30979,VERIFIABLE,SUPPORTS,Elephants have been featured in places.,"[[[47133, 56231, 'Elephant', 33]]]"
164598,VERIFIABLE,REFUTES,Three Men and a Baby is a baby food store.,"[[[189300, 200584, 'Three_Men_and_a_Baby', 0]]]"
89292,VERIFIABLE,SUPPORTS,Tyra Banks was the first African American woman in the centerfold of GQ.,"[[[106516, 119930, 'Tyra_Banks', 1]], [[106517, 119931, 'Tyra_Banks', 1]]]"
113021,VERIFIABLE,SUPPORTS,Lydia Hearst is a lifestyle blogger and model.,"[[[132574, 147485, 'Lydia_Hearst', 0]], [[132576, 147487, 'Lydia_Hearst', 0]]]"
116074,VERIFIABLE,SUPPORTS,KJ Apa was cast as a character in Riverdale in 2016.,"[[[136347, 151152, 'KJ_Apa', 2]]]"
127513,VERIFIABLE,REFUTES,Canada is an island.,"[[[149433, 164391, 'Canada', 2]]]"
80656,VERIFIABLE,SUPPORTS,Napoleon's campaigns are studied at schools.,"[[[97649, 110800, 'Napoleon', 4]]]"
211906,VERIFIABLE,REFUTES,A loss of supply only has nothing to do with prime ministers.,"[[[251138, 251076, 'Loss_of_supply', 7]]]"
117579,VERIFIABLE,REFUTES,Ringo Starr has been featured in textbooks.,"[[[139961, 154978, 'Ringo_Starr', 17]], [[139962, 154979, 'Ringo_Starr', 17]]]"
9700,VERIFIABLE,SUPPORTS,Ivan Lendl has finished four years ranked as the world's top tennis player.,"[[[24523, 30303, 'Ivan_Lendl', 17]]]"
5226,VERIFIABLE,SUPPORTS,Indonesia's wilderness supports a variety of life.,"[[[21614, 26572, 'Indonesia', 12], [21614, 26572, 'Biodiversity', 0]]]"
54132,VERIFIABLE,SUPPORTS,Joan Collins was in Sunburn.,"[[[168175, 181931, 'Sunburn_-LRB-film-RRB-', 2]], [[170374, 183934, 'Sunburn_-LRB-film-RRB-', 2]], [[172181, 185566, 'Sunburn_-LRB-film-RRB-', 2]], [[312471, 302266, 'Sunburn_-LRB-film-RRB-', 2]], [[312474, 302269, 'Sunburn_-LRB-film-RRB-', 2]]]"
7920,VERIFIABLE,SUPPORTS,The Belko Experiment is an American horror film.,"[[[12951, 16182, 'The_Belko_Experiment', 0]]]"
225509,VERIFIABLE,SUPPORTS,The 84th Academy Awards' winners included Beginners.,"[[[268732, 265217, '84th_Academy_Awards', 13]]]"
126642,VERIFIABLE,SUPPORTS,Michael Keaton was nominated for an Academy Award for Best Actor.,"[[[286506, 279952, 'Michael_Keaton', 8]], [[288693, 281925, 'Michael_Keaton', 8]], [[333404, 319635, 'Michael_Keaton', 8]], [[333405, 319636, 'Michael_Keaton', 8]], [[333411, 319655, 'Michael_Keaton', 8]]]"
117550,VERIFIABLE,SUPPORTS,Newcastle United F.C. is well-known around the world.,"[[[137921, 152905, 'Newcastle_United_F.C.', 18]], [[137921, 152906, 'Newcastle_United_F.C.', 19]]]"
65365,VERIFIABLE,REFUTES,Randy Orton has been unable to move his entire life.,"[[[81862, 93636, 'Randy_Orton', 1]], [[81862, 93637, 'Randy_Orton', 5]], [[81862, 93638, 'Randy_Orton', 4]], [[81862, 93639, 'Randy_Orton', 7]], [[81862, 93640, 'Randy_Orton', 6]], [[81862, 93641, 'Randy_Orton', 0]], [[81862, 93642, 'Randy_Orton', 8]], [[81862, 93643, 'Randy_Orton', 11]], [[81862, 93644, 'Randy_Orton', 12]], [[81862, 93645, 'Randy_Orton', 13]], [[81862, 93646, 'Randy_Orton', 15]], [[81862, 93647, 'Randy_Orton', 17]], [[81862, 93648, 'Randy_Orton', 19]], [[81862, 93649, 'Randy_Orton', 21]], [[81862, 93650, 'Randy_Orton', 24]], [[81862, 93651, 'Randy_Orton', 25]]]"
85720,VERIFIABLE,SUPPORTS,Adderall contains a levoamphetamine component along with a dextroamphetamine component.,"[[[26910, 33044, 'Adderall', 3]]]"
1318,VERIFIABLE,SUPPORTS,Novak Djokovic was born in 1987.,"[[[16962, 21013, 'Novak_Djokovic', 0]]]"
218857,VERIFIABLE,SUPPORTS,The life of the writer of Thirteen is the basis for the story.,"[[[260190, 258637, 'Thirteen_-LRB-2003_film-RRB-', 0]], [[260190, 258638, 'Thirteen_-LRB-2003_film-RRB-', 1]]]"
204213,VERIFIABLE,SUPPORTS,Gwen Stefani's band released an album in 1995.,"[[[241101, 242644, 'Gwen_Stefani', 1]]]"
27424,VERIFIABLE,SUPPORTS,Spain is in Europe.,"[[[74271, 85494, 'Spain', 0]], [[74271, 85495, 'Spain', 2]], [[74271, 85496, 'Spain', 5]], [[74271, 85497, 'Spain', 6]], [[79284, 90959, 'Spain', 0]], [[79284, 90960, 'Spain', 2]], [[79284, 90961, 'Spain', 5]], [[79284, 90962, 'Spain', 6]], [[81790, 93564, 'Spain', 0]], [[81790, 93565, 'Spain', 5]], [[305916, 296688, 'Spain', 0]], [[305917, 296689, 'Spain', 0]]]"
162085,VERIFIABLE,SUPPORTS,War of the Worlds is a film that is categorized as science fiction.,"[[[186602, 198399, 'War_of_the_Worlds_-LRB-2005_film-RRB-', 0]]]"
138175,VERIFIABLE,SUPPORTS,Mark Hamill is an American writer.,"[[[160963, 175419, 'Mark_Hamill', 0]]]"
32278,VERIFIABLE,REFUTES,Thor: The Dark World was released in October 2013 in the United States.,"[[[48392, 57724, 'Thor-COLON-_The_Dark_World', 16]], [[48400, 57732, 'Thor-COLON-_The_Dark_World', 16]]]"
177289,VERIFIABLE,SUPPORTS,Felicity Jones was in a work directed by James Marsh.,"[[[205475, 214054, 'Felicity_Jones', 10], [205475, 214054, 'The_Theory_of_Everything_-LRB-2014_film-RRB-', 0]]]"
41919,VERIFIABLE,REFUTES,O. J. Simpson died before football was invented.,"[[[58203, 68426, 'O._J._Simpson', 3]], [[58203, 68427, 'O._J._Simpson', 0]], [[58203, 68428, 'O._J._Simpson', 4]], [[58203, 68429, 'O._J._Simpson', 5]], [[58203, 68430, 'O._J._Simpson', 6]], [[58203, 68431, 'O._J._Simpson', 9]], [[58203, 68432, 'O._J._Simpson', 10]]]"
217865,VERIFIABLE,SUPPORTS,Ryan Phillippe and Reese Witherspoon married each other.,"[[[258983, 257657, 'Ryan_Phillippe', 7]]]"
184651,VERIFIABLE,SUPPORTS,Augusto Pinochet died in 2006.,"[[[215111, 222033, 'Augusto_Pinochet', 0]], [[215111, 222034, 'Augusto_Pinochet', 27]]]"
10936,VERIFIABLE,REFUTES,My Sweet Lord is by The Temptations.,"[[[26130, 32144, 'My_Sweet_Lord', 0]]]"
155549,VERIFIABLE,SUPPORTS,Michael Keaton will play the role of a supervillain.,"[[[179616, 192182, 'Michael_Keaton', 5]]]"
57108,VERIFIABLE,SUPPORTS,Moana is a work in the medium of animation.,"[[[25035, 30905, 'Moana_-LRB-2016_film-RRB-', 0]], [[25035, 30906, 'Moana_-LRB-2016_film-RRB-', 1]], [[25035, 30907, 'Moana_-LRB-2016_film-RRB-', 2], [25035, 30907, 'John_Musker', 0]], [[25035, 30908, 'Moana_-LRB-2016_film-RRB-', 10]], [[25035, 30909, 'Moana_-LRB-2016_film-RRB-', 12]], [[25035, 30910, 'Moana_-LRB-2016_film-RRB-', 13]], [[211831, 219461, 'Moana_-LRB-2016_film-RRB-', 0]], [[211831, 219462, 'Moana_-LRB-2016_film-RRB-', 1]], [[211831, 219463, 'Moana_-LRB-2016_film-RRB-', 12], [211831, 219463, 'Walt_Disney_Animation_Studios', 0]], [[211831, 219464, 'Moana_-LRB-2016_film-RRB-', 13]], [[299829, 291190, 'Moana_-LRB-2016_film-RRB-', 0]]]"
39734,VERIFIABLE,SUPPORTS,Salman Khan had a role in an action drama.,"[[[56033, 66137, 'Salman_Khan', 9], [56033, 66137, 'Karan_Arjun', 0]]]"
158852,VERIFIABLE,SUPPORTS,Mel Gibson took a hiatus from directing.,"[[[183156, 195252, 'Mel_Gibson', 16]]]"
200498,VERIFIABLE,SUPPORTS,"The Twilight series's is a young adult vampire romance series, the first book of which is called Twilight.","[[[235849, 238448, 'Twilight_-LRB-novel_series-RRB-', 0], [235849, 238448, 'Twilight_-LRB-novel_series-RRB-', 8]], [[235883, 238475, 'Twilight_-LRB-novel_series-RRB-', 0]], [[235883, 238476, 'Twilight_-LRB-novel_series-RRB-', 8], [235883, 238476, 'Twilight_-LRB-Meyer_novel-RRB-', 0], [235883, 238476, 'Twilight_-LRB-Meyer_novel-RRB-', 1]], [[235883, 238477, 'Twilight_-LRB-novel_series-RRB-', 9]]]"
59018,VERIFIABLE,SUPPORTS,Larry Junstrom is a bassist in a rock band.,"[[[75407, 86665, 'Larry_Junstrom', 0]], [[75408, 86666, 'Larry_Junstrom', 0]]]"
6545,VERIFIABLE,SUPPORTS,Emily Blunt starred in The Huntsman: Winter's War.,"[[[23304, 28716, 'Emily_Blunt', 17]]]"
23935,VERIFIABLE,SUPPORTS,The Ten Commandments is an epic movie.,"[[[39881, 47974, 'The_Ten_Commandments_-LRB-1956_film-RRB-', 0]], [[39881, 47975, 'The_Ten_Commandments_-LRB-1956_film-RRB-', 20]]]"
139413,VERIFIABLE,SUPPORTS,Demi Lovato is an LGBT community advocate.,"[[[162264, 176567, 'Demi_Lovato', 28]]]"
206854,VERIFIABLE,SUPPORTS,Ayutthaya was friendly towards foreigners.,"[[[244611, 245571, 'Ayutthaya_Kingdom', 1]]]"
34712,VERIFIABLE,SUPPORTS,O. J. Simpson was an actor.,"[[[100123, 113359, 'O._J._Simpson', 0]], [[102298, 115576, 'O._J._Simpson', 0]], [[103423, 116831, 'O._J._Simpson', 0]], [[103423, 116832, 'O._J._Simpson', 10]], [[307873, 298341, 'O._J._Simpson', 0]], [[309064, 299347, 'O._J._Simpson', 0]], [[309065, 299348, 'O._J._Simpson', 0]], [[309065, 299349, 'O._J._Simpson', 10]]]"
105782,VERIFIABLE,SUPPORTS,March was the month Jennifer Grey was born on.,"[[[124169, 138510, 'Jennifer_Grey', 0]]]"
185636,VERIFIABLE,SUPPORTS,Ben Whishaw was in Perfume: The Store of a Murderer.,"[[[216390, 223038, 'Ben_Whishaw', 1]]]"
56737,VERIFIABLE,REFUTES,Arrow is available on DVD only in region 3.,"[[[73075, 84272, 'Arrow_-LRB-TV_series-RRB-', 15]]]"
221865,VERIFIABLE,SUPPORTS,The Narrows is a film from America.,"[[[264208, 261739, 'The_Narrows_-LRB-film-RRB-', 0]]]"
84138,VERIFIABLE,SUPPORTS,The Academy Honorary Award was put in place in 1948.,"[[[101172, 114419, 'Academy_Honorary_Award', 0]]]"
125495,VERIFIABLE,SUPPORTS,Caitlyn Jenner changed her gender from male to female.,"[[[147182, 162173, 'Caitlyn_Jenner', 11]]]"
55235,VERIFIABLE,SUPPORTS,Travis Barker collaborated with others.,"[[[71619, 82600, 'Travis_Barker', 1]], [[71619, 82601, 'Travis_Barker', 2]], [[71619, 82602, 'Travis_Barker', 6]], [[71619, 82603, 'Travis_Barker', 9]], [[71619, 82604, 'Travis_Barker', 10]], [[71619, 82605, 'Travis_Barker', 11]], [[71619, 82606, 'Travis_Barker', 14]], [[71619, 82607, 'Travis_Barker', 0]], [[71619, 82608, 'Travis_Barker', 5]], [[71619, 82609, 'Travis_Barker', 8]]]"
172575,VERIFIABLE,SUPPORTS,Judith Quiney was the daughter of a man.,"[[[199208, 208903, 'Judith_Quiney', 0]]]"
115514,VERIFIABLE,REFUTES,Sam Worthington was born in 1876.,"[[[135592, 150452, 'Sam_Worthington', 0]], [[135593, 150453, 'Sam_Worthington', 0]]]"
116674,VERIFIABLE,SUPPORTS,Ron Perlman was born in 1950 as Ronald N. Perlman.,"[[[137040, 151871, 'Ron_Perlman', 0]]]"
156426,VERIFIABLE,SUPPORTS,The United States used nuclear weapons in warfare.,"[[[180474, 192947, 'United_States', 29]]]"
29929,VERIFIABLE,SUPPORTS,Henry V is a 2012 British film.,"[[[46041, 54994, 'Henry_V_-LRB-2012_film-RRB-', 0]]]"
229277,VERIFIABLE,SUPPORTS,Joseph is the middle name of Neal Schon.,"[[[273680, 269043, 'Neal_Schon', 0]]]"
56562,VERIFIABLE,SUPPORTS,Chris Evans (actor) worked on Before We Go.,"[[[72903, 84010, 'Chris_Evans_-LRB-actor-RRB-', 5]]]"
